{
  "group": true,
  "prefix": "owi",
  "homepage": "http://pfefferle.github.io/openwebicons/",
  "icons": {
    "Uncategorized": [
      "apml",
      "open-share",
      "share",
      "feed",
      "ostatus",
      "opml",
      "activity",
      "geo",
      "opensearch",
      "oauth",
      "openid",
      "rdf",
      "json-ld",
      "semantic-web",
      "dataportability",
      "federated",
      "open-web",
      "web-intents",
      "xmpp",
      "qr",
      "epub",
      "opengraph",
      "foaf",
      "info-card",
      "browserid",
      "persona",
      "remote-storage",
      "odata",
      "markdown",
      "tosdr",
      "indieweb",
      "indiewebcamp",
      "git",
      "webhooks",
      "osi",
      "webfinger",
      "bitcoin",
      "pubsubhubbub",
      "svg",
      "tent",
      "copyleft",
      "gnu",
      "webmention",
      "javascript",
      "wtfpl",
      "wordpress",
      "owncloud",
      "known",
      "barcamp",
      "indiehosters",
      "cccs",
      "mozilla",
      "unhosted",
      "indie",
      "ghost",
      "diaspora",
      "webplattform",
      "opensourcedesign",
      "opendesign",
      "gnusocial",
      "mastodon",
      "mastodon-simple"
    ],
    "HTML5 Icons": [
      "html5",
      "css3",
      "connectivity",
      "semantics",
      "device-access",
      "offline-storage",
      "multimedia",
      "3deffects",
      "perfintegration"
    ],
    "Creative Commons Icons": [
      "cc",
      "cc-by",
      "cc-nc",
      "cc-nc-eu",
      "cc-nc-jp",
      "cc-sa",
      "cc-nd",
      "cc-public",
      "cc-zero",
      "cc-share",
      "cc-remix"
    ],
    "Microformats Icons": [
      "microformats",
      "hcard-download",
      "hcard-add",
      "hresume",
      "hatom"
    ],
    "SIL Open Font License - Icons": [
      "ofl",
      "ofl-attribution",
      "ofl-share",
      "ofl-embedding",
      "ofl-renaming",
      "ofl-selling"
    ]
  }
}
