{
  "group": true,
  "prefix": "wi",
  "homepage": "http://erikflowers.github.io/weather-icons/",
  "icons": {
    "Daytime": [
      "day-sunny",
      "day-cloudy",
      "day-cloudy-gusts",
      "day-cloudy-windy",
      "day-fog",
      "day-hail",
      "day-haze",
      "day-lightning",
      "day-rain",
      "day-rain-mix",
      "day-rain-wind",
      "day-showers",
      "day-sleet",
      "day-sleet-storm",
      "day-snow",
      "day-snow-thunderstorm",
      "day-snow-wind",
      "day-sprinkle",
      "day-storm-showers",
      "day-sunny-overcast",
      "day-thunderstorm",
      "day-windy",
      "solar-eclipse",
      "hot",
      "day-cloudy-high",
      "day-light-wind"
    ],
    "Nighttime": [
      "night-clear",
      "night-alt-cloudy",
      "night-alt-cloudy-gusts",
      "night-alt-cloudy-windy",
      "night-alt-hail",
      "night-alt-lightning",
      "night-alt-rain",
      "night-alt-rain-mix",
      "night-alt-rain-wind",
      "night-alt-showers",
      "night-alt-sleet",
      "night-alt-sleet-storm",
      "night-alt-snow",
      "night-alt-snow-thunderstorm",
      "night-alt-snow-wind",
      "night-alt-sprinkle",
      "night-alt-storm-showers",
      "night-alt-thunderstorm",
      "night-cloudy",
      "night-cloudy-gusts",
      "night-cloudy-windy",
      "night-fog",
      "night-hail",
      "night-lightning",
      "night-partly-cloudy",
      "night-rain",
      "night-rain-mix",
      "night-rain-wind",
      "night-showers",
      "night-sleet",
      "night-sleet-storm",
      "night-snow",
      "night-snow-thunderstorm",
      "night-snow-wind",
      "night-sprinkle",
      "night-storm-showers",
      "night-thunderstorm",
      "lunar-eclipse",
      "stars",
      "storm-showers",
      "thunderstorm",
      "night-alt-cloudy-high",
      "night-cloudy-high",
      "night-alt-partly-cloudy"
    ],
    "Neutral": [
      "cloud",
      "cloudy",
      "cloudy-gusts",
      "cloudy-windy",
      "fog",
      "hail",
      "rain",
      "rain-mix",
      "rain-wind",
      "showers",
      "sleet",
      "snow",
      "sprinkle",
      "storm-showers",
      "thunderstorm",
      "snow-wind",
      "snow",
      "smog",
      "smoke",
      "lightning",
      "raindrops",
      "raindrop",
      "dust",
      "snowflake-cold",
      "windy",
      "strong-wind",
      "sandstorm",
      "earthquake",
      "fire",
      "flood",
      "meteor",
      "tsunami",
      "volcano",
      "hurricane",
      "tornado",
      "small-craft-advisory",
      "gale-warning",
      "storm-warning",
      "hurricane-warning",
      "wind-direction"
    ],
    "Miscellaneous": [
      "alien",
      "celsius",
      "fahrenheit",
      "degrees",
      "thermometer",
      "thermometer-exterior",
      "thermometer-internal",
      "cloud-down",
      "cloud-up",
      "cloud-refresh",
      "horizon",
      "horizon-alt",
      "sunrise",
      "sunset",
      "moonrise",
      "moonset",
      "refresh",
      "refresh-alt",
      "umbrella",
      "barometer",
      "humidity",
      "na",
      "train"
    ],
    "Moon Phases": [
      "moon-new",
      "moon-waxing-crescent-1",
      "moon-waxing-crescent-2",
      "moon-waxing-crescent-3",
      "moon-waxing-crescent-4",
      "moon-waxing-crescent-5",
      "moon-waxing-crescent-6",
      "moon-first-quarter",
      "moon-waxing-gibbous-1",
      "moon-waxing-gibbous-2",
      "moon-waxing-gibbous-3",
      "moon-waxing-gibbous-4",
      "moon-waxing-gibbous-5",
      "moon-waxing-gibbous-6",
      "moon-full",
      "moon-waning-gibbous-1",
      "moon-waning-gibbous-2",
      "moon-waning-gibbous-3",
      "moon-waning-gibbous-4",
      "moon-waning-gibbous-5",
      "moon-waning-gibbous-6",
      "moon-third-quarter",
      "moon-waning-crescent-1",
      "moon-waning-crescent-2",
      "moon-waning-crescent-3",
      "moon-waning-crescent-4",
      "moon-waning-crescent-5",
      "moon-waning-crescent-6",
      "moon-alt-new",
      "moon-alt-waxing-crescent-1",
      "moon-alt-waxing-crescent-2",
      "moon-alt-waxing-crescent-3",
      "moon-alt-waxing-crescent-4",
      "moon-alt-waxing-crescent-5",
      "moon-alt-waxing-crescent-6",
      "moon-alt-first-quarter",
      "moon-alt-waxing-gibbous-1",
      "moon-alt-waxing-gibbous-2",
      "moon-alt-waxing-gibbous-3",
      "moon-alt-waxing-gibbous-4",
      "moon-alt-waxing-gibbous-5",
      "moon-alt-waxing-gibbous-6",
      "moon-alt-full",
      "moon-alt-waning-gibbous-1",
      "moon-alt-waning-gibbous-2",
      "moon-alt-waning-gibbous-3",
      "moon-alt-waning-gibbous-4",
      "moon-alt-waning-gibbous-5",
      "moon-alt-waning-gibbous-6",
      "moon-alt-third-quarter",
      "moon-alt-waning-crescent-1",
      "moon-alt-waning-crescent-2",
      "moon-alt-waning-crescent-3",
      "moon-alt-waning-crescent-4",
      "moon-alt-waning-crescent-5",
      "moon-alt-waning-crescent-6"
    ],
    "Time": [
      "time-1",
      "time-2",
      "time-3",
      "time-4",
      "time-5",
      "time-6",
      "time-7",
      "time-8",
      "time-9",
      "time-10",
      "time-11",
      "time-12"
    ],
    "Directional Arrows": [
      "direction-up",
      "direction-up-right",
      "direction-right",
      "direction-down-right",
      "direction-down",
      "direction-down-left",
      "direction-left",
      "direction-up-left"
    ],
    "Beaufort Wind Scale": [
      "wind-beaufort-0",
      "wind-beaufort-1",
      "wind-beaufort-2",
      "wind-beaufort-3",
      "wind-beaufort-4",
      "wind-beaufort-5",
      "wind-beaufort-6",
      "wind-beaufort-7",
      "wind-beaufort-8",
      "wind-beaufort-9",
      "wind-beaufort-10",
      "wind-beaufort-11",
      "wind-beaufort-12"
    ]
  }
}
