-- phpMyAdmin SQL Dump
-- version 4.9.0.1
-- https://www.phpmyadmin.net/
--
-- Host: 182.50.133.90:3306
-- Generation Time: Oct 20, 2020 at 10:09 AM
-- Server version: 5.5.51-38.1-log
-- PHP Version: 7.1.30

SET SQL_MODE = "NO_AUTO_VALUE_ON_ZERO";
SET AUTOCOMMIT = 0;
START TRANSACTION;
SET time_zone = "+00:00";


/*!40101 SET @OLD_CHARACTER_SET_CLIENT=@@CHARACTER_SET_CLIENT */;
/*!40101 SET @OLD_CHARACTER_SET_RESULTS=@@CHARACTER_SET_RESULTS */;
/*!40101 SET @OLD_COLLATION_CONNECTION=@@COLLATION_CONNECTION */;
/*!40101 SET NAMES utf8mb4 */;

--
-- Database: `db_coresyshris`
--

-- --------------------------------------------------------

--
-- Table structure for table `projects`
--

CREATE TABLE `projects` (
  `project_id` int(11) NOT NULL,
  `project_code` varchar(200) DEFAULT NULL,
  `project_owner` int(11) DEFAULT NULL,
  `project_status` tinyint(1) DEFAULT '1'
) ENGINE=InnoDB DEFAULT CHARSET=latin1;

--
-- Dumping data for table `projects`
--

INSERT INTO `projects` (`project_id`, `project_code`, `project_owner`, `project_status`) VALUES
(1, 'project 1', 1, 1),
(2, 'project 2', 1, 1),
(3, '3', 1, 1),
(4, 'Project 4', 1, 1),
(5, 'Add', 1, 1),
(6, 'test project', 1, 1),
(7, 'project code work test', 1, 1);

-- --------------------------------------------------------

--
-- Table structure for table `projects_assigned`
--

CREATE TABLE `projects_assigned` (
  `id` int(11) NOT NULL,
  `project_id` int(11) DEFAULT NULL,
  `user_id` int(11) DEFAULT NULL
) ENGINE=InnoDB DEFAULT CHARSET=latin1;

--
-- Dumping data for table `projects_assigned`
--

INSERT INTO `projects_assigned` (`id`, `project_id`, `user_id`) VALUES
(1, 2, 1),
(2, 4, 1),
(3, 1, 1),
(4, 5, 1),
(5, 7, 1),
(6, 1, 61);

-- --------------------------------------------------------

--
-- Table structure for table `tbl_accesslevelemp`
--

CREATE TABLE `tbl_accesslevelemp` (
  `accessLevelEmpID` int(5) NOT NULL,
  `accessLevelID` int(11) NOT NULL,
  `employeeID` int(255) NOT NULL
) ENGINE=InnoDB DEFAULT CHARSET=latin1;

--
-- Dumping data for table `tbl_accesslevelemp`
--

INSERT INTO `tbl_accesslevelemp` (`accessLevelEmpID`, `accessLevelID`, `employeeID`) VALUES
(7, 12, 1),
(15, 12, 22),
(24, 23, 24),
(25, 12, 25),
(26, 23, 26),
(28, 23, 27),
(29, 23, 28),
(30, 23, 29),
(31, 23, 30),
(35, 23, 31),
(36, 23, 32),
(37, 23, 33),
(38, 23, 34),
(39, 12, 35),
(40, 23, 36),
(41, 12, 37),
(42, 12, 38),
(43, 12, 39),
(47, 12, 40),
(53, 14, 19),
(67, 28, 8),
(68, 12, 41),
(69, 23, 42),
(71, 23, 44),
(73, 12, 46),
(74, 12, 47),
(75, 23, 48),
(76, 29, 29),
(81, 12, 50),
(82, 12, 51),
(85, 12, 52),
(88, 28, 55),
(89, 28, 56),
(91, 12, 58),
(92, 23, 59),
(94, 30, 60),
(95, 30, 53),
(96, 30, 4),
(97, 30, 41),
(98, 30, 40),
(99, 30, 61),
(100, 24, 1),
(101, 24, 45),
(102, 24, 43),
(103, 24, 54),
(104, 24, 49),
(7, 12, 1),
(15, 12, 22),
(24, 23, 24),
(25, 12, 25),
(26, 23, 26),
(28, 23, 27),
(29, 23, 28),
(30, 23, 29),
(31, 23, 30),
(35, 23, 31),
(36, 23, 32),
(37, 23, 33),
(38, 23, 34),
(39, 12, 35),
(40, 23, 36),
(41, 12, 37),
(42, 12, 38),
(43, 12, 39),
(47, 12, 40),
(53, 14, 19),
(67, 28, 8),
(68, 12, 41),
(69, 23, 42),
(71, 23, 44),
(73, 12, 46),
(74, 12, 47),
(75, 23, 48),
(76, 29, 29),
(81, 12, 50),
(82, 12, 51),
(85, 12, 52),
(88, 28, 55),
(89, 28, 56),
(91, 12, 58),
(92, 23, 59),
(94, 30, 60),
(95, 30, 53),
(96, 30, 4),
(97, 30, 41),
(98, 30, 40),
(99, 30, 61),
(100, 24, 1),
(101, 24, 45),
(102, 24, 43),
(103, 24, 54),
(104, 24, 49);

-- --------------------------------------------------------

--
-- Table structure for table `tbl_accessLevelEmp`
--

CREATE TABLE `tbl_accessLevelEmp` (
  `accessLevelEmpID` int(5) NOT NULL,
  `accessLevelID` int(11) NOT NULL,
  `employeeID` int(255) NOT NULL
) ENGINE=InnoDB DEFAULT CHARSET=latin1;

--
-- Dumping data for table `tbl_accessLevelEmp`
--

INSERT INTO `tbl_accessLevelEmp` (`accessLevelEmpID`, `accessLevelID`, `employeeID`) VALUES
(24, 23, 24),
(26, 23, 26),
(28, 23, 27),
(29, 23, 28),
(30, 23, 29),
(31, 23, 30),
(35, 23, 31),
(36, 23, 32),
(37, 23, 33),
(38, 23, 34),
(40, 23, 36),
(53, 14, 19),
(67, 28, 8),
(69, 23, 42),
(71, 23, 44),
(75, 23, 48),
(76, 29, 29),
(88, 28, 55),
(89, 28, 56),
(92, 23, 59),
(105, 23, 62),
(107, 23, 64),
(108, 12, 50),
(109, 12, 38),
(110, 12, 39),
(111, 12, 25),
(112, 12, 51),
(113, 12, 41),
(114, 12, 37),
(115, 12, 1),
(116, 12, 40),
(117, 12, 46),
(118, 12, 47),
(119, 12, 35),
(120, 12, 22),
(121, 12, 63),
(122, 12, 58),
(123, 12, 52),
(124, 31, 61),
(125, 32, 61),
(127, 23, 66),
(128, 23, 67),
(129, 23, 68),
(130, 23, 69),
(131, 23, 70),
(132, 23, 71),
(133, 23, 72),
(134, 23, 73),
(135, 23, 74),
(136, 23, 75),
(137, 23, 76),
(138, 23, 77),
(139, 23, 78),
(140, 23, 79),
(141, 23, 80),
(142, 23, 81),
(143, 23, 82),
(144, 23, 83),
(145, 23, 84),
(146, 23, 85),
(167, 33, 65),
(168, 24, 1),
(169, 24, 45),
(170, 24, 43),
(171, 24, 54),
(172, 24, 49),
(174, 30, 53),
(175, 30, 4),
(176, 30, 41),
(177, 30, 61),
(178, 30, 60),
(179, 30, 40),
(181, 34, 65),
(182, 34, 64);

-- --------------------------------------------------------

--
-- Table structure for table `tbl_accesslevelmodules`
--

CREATE TABLE `tbl_accesslevelmodules` (
  `accessLevelModulesID` int(5) NOT NULL,
  `accessLevelID` int(11) NOT NULL,
  `accessedModules` varchar(255) DEFAULT NULL
) ENGINE=InnoDB DEFAULT CHARSET=latin1;

--
-- Dumping data for table `tbl_accesslevelmodules`
--

INSERT INTO `tbl_accesslevelmodules` (`accessLevelModulesID`, `accessLevelID`, `accessedModules`) VALUES
(1, 12, 'aedEmployeeModule'),
(2, 12, 'leaveManagementModule'),
(3, 12, 'timesheetManagementModule'),
(4, 12, 'projectMangementModule'),
(5, 12, 'reportsModule'),
(6, 12, 'configurationsModule'),
(11, 14, 'aedEmployeeModule'),
(12, 14, 'configurationsModule'),
(15, 24, 'aedEmployeeModule'),
(16, 24, 'leaveManagementModule'),
(17, 24, 'timesheetManagementModule'),
(18, 24, 'projectMangementModule'),
(19, 24, 'reportsModule'),
(20, 24, 'configurationsModule'),
(25, 28, NULL),
(26, 29, 'projectMangementModule'),
(27, 30, 'aedEmployeeModule'),
(28, 30, 'leaveManagementModule'),
(29, 30, 'attendanceManagementModule'),
(30, 12, 'attendanceConfigurationModule'),
(1, 12, 'aedEmployeeModule'),
(2, 12, 'leaveManagementModule'),
(3, 12, 'timesheetManagementModule'),
(4, 12, 'projectMangementModule'),
(5, 12, 'reportsModule'),
(6, 12, 'configurationsModule'),
(11, 14, 'aedEmployeeModule'),
(12, 14, 'configurationsModule'),
(15, 24, 'aedEmployeeModule'),
(16, 24, 'leaveManagementModule'),
(17, 24, 'timesheetManagementModule'),
(18, 24, 'projectMangementModule'),
(19, 24, 'reportsModule'),
(20, 24, 'configurationsModule'),
(25, 28, NULL),
(26, 29, 'projectMangementModule'),
(27, 30, 'aedEmployeeModule'),
(28, 30, 'leaveManagementModule'),
(29, 30, 'attendanceManagementModule'),
(30, 12, 'attendanceConfigurationModule');

-- --------------------------------------------------------

--
-- Table structure for table `tbl_accessLevelModules`
--

CREATE TABLE `tbl_accessLevelModules` (
  `accessLevelModulesID` int(5) NOT NULL,
  `accessLevelID` int(11) NOT NULL,
  `accessedModules` varchar(255) DEFAULT NULL
) ENGINE=InnoDB DEFAULT CHARSET=latin1;

--
-- Dumping data for table `tbl_accessLevelModules`
--

INSERT INTO `tbl_accessLevelModules` (`accessLevelModulesID`, `accessLevelID`, `accessedModules`) VALUES
(1, 12, 'aedEmployeeModule'),
(2, 12, 'leaveManagementModule'),
(3, 12, 'timesheetManagementModule'),
(4, 12, 'projectMangementModule'),
(5, 12, 'reportsModule'),
(6, 12, 'configurationsModule'),
(11, 14, 'aedEmployeeModule'),
(12, 14, 'configurationsModule'),
(15, 24, 'aedEmployeeModule'),
(16, 24, 'leaveManagementModule'),
(17, 24, 'timesheetManagementModule'),
(18, 24, 'projectMangementModule'),
(19, 24, 'reportsModule'),
(20, 24, 'configurationsModule'),
(25, 28, NULL),
(26, 29, 'projectMangementModule'),
(27, 30, 'aedEmployeeModule'),
(28, 30, 'leaveManagementModule'),
(29, 30, 'attendanceManagementModule'),
(30, 12, 'attendanceConfigurationModule'),
(31, 31, 'aedEmployeeModule'),
(32, 32, 'aedEmployeeModule'),
(33, 33, 'aedEmployeeModule'),
(34, 33, 'leaveManagementModule'),
(35, 33, 'timesheetManagementModule'),
(36, 33, 'projectMangementModule'),
(37, 33, 'reportsModule'),
(38, 33, 'configurationsModule'),
(39, 33, 'attendanceManagementModule'),
(40, 33, 'attendanceConfigurationModule'),
(41, 34, 'attendanceConfigurationModule');

-- --------------------------------------------------------

--
-- Table structure for table `tbl_accesslevels`
--

CREATE TABLE `tbl_accesslevels` (
  `accessLevelID` int(11) NOT NULL,
  `accessLevelName` varchar(255) NOT NULL
) ENGINE=InnoDB DEFAULT CHARSET=latin1;

--
-- Dumping data for table `tbl_accesslevels`
--

INSERT INTO `tbl_accesslevels` (`accessLevelID`, `accessLevelName`) VALUES
(12, 'Admin'),
(14, 'Test'),
(23, 'Default Employee'),
(24, 'Super Admin'),
(28, 'Employee Access Level'),
(29, 'Viewing'),
(30, 'HR Access'),
(31, 'Special Access'),
(32, 'Test Level'),
(33, 'Supreme Ruler'),
(34, 'Attendance Config Only');

-- --------------------------------------------------------

--
-- Table structure for table `tbl_activityadmin`
--

CREATE TABLE `tbl_activityadmin` (
  `activityAdmin_ID` int(11) NOT NULL,
  `activityAdmin_name` varchar(255) NOT NULL
) ENGINE=InnoDB DEFAULT CHARSET=latin1;

--
-- Dumping data for table `tbl_activityadmin`
--

INSERT INTO `tbl_activityadmin` (`activityAdmin_ID`, `activityAdmin_name`) VALUES
(1, 'Sick Leave'),
(2, 'Vacation Leave'),
(3, 'Holiday'),
(4, 'Meeting');

-- --------------------------------------------------------

--
-- Table structure for table `tbl_activityothers`
--

CREATE TABLE `tbl_activityothers` (
  `activityOthers_ID` int(11) NOT NULL,
  `activityOthers_name` varchar(255) NOT NULL
) ENGINE=InnoDB DEFAULT CHARSET=latin1;

--
-- Dumping data for table `tbl_activityothers`
--

INSERT INTO `tbl_activityothers` (`activityOthers_ID`, `activityOthers_name`) VALUES
(1, 'Development'),
(2, 'Testing');

-- --------------------------------------------------------

--
-- Table structure for table `tbl_archive`
--

CREATE TABLE `tbl_archive` (
  `archivedID` int(11) NOT NULL,
  `employeeID` int(100) NOT NULL,
  `employeeCode` varchar(100) NOT NULL,
  `firstName` varchar(100) NOT NULL,
  `lastName` varchar(100) NOT NULL,
  `middleName` varchar(100) NOT NULL,
  `gender` varchar(50) NOT NULL,
  `birthdate` date NOT NULL,
  `address` varchar(255) NOT NULL,
  `emailAddress` varchar(50) NOT NULL,
  `contactInfo` int(50) NOT NULL,
  `dateHired` date NOT NULL,
  `terminationDate` date NOT NULL,
  `terminatedBy` varchar(255) NOT NULL
) ENGINE=InnoDB DEFAULT CHARSET=latin1;

--
-- Dumping data for table `tbl_archive`
--

INSERT INTO `tbl_archive` (`archivedID`, `employeeID`, `employeeCode`, `firstName`, `lastName`, `middleName`, `gender`, `birthdate`, `address`, `emailAddress`, `contactInfo`, `dateHired`, `terminationDate`, `terminatedBy`) VALUES
(11, 3, 'E0003', '684684684', '646', '8646', 'Female', '2000-09-14', 'asdasdasd', 'asdasd@gmaik.com', 2147483647, '2018-09-26', '2018-09-28', '18001'),
(12, 2, 'E0002', 'Jhanz', 'Esmena', 'O', 'Male', '2000-09-27', 'Taguig City', 'asdasdasd@gmail.com', 2147483647, '2018-09-27', '2018-09-29', '180015');

-- --------------------------------------------------------

--
-- Table structure for table `tbl_attendance`
--

CREATE TABLE `tbl_attendance` (
  `attendanceID` int(11) NOT NULL,
  `employeeID` int(11) DEFAULT NULL,
  `attendanceDate` date DEFAULT NULL,
  `attendance_timeIn` time DEFAULT NULL,
  `attendance_timeOut` time DEFAULT NULL,
  `attendance_timeOutDate` date DEFAULT NULL,
  `attendance_location` varchar(255) DEFAULT NULL,
  `remarks` varchar(255) DEFAULT NULL,
  `hourWorked` double DEFAULT NULL,
  `status` varchar(255) DEFAULT NULL,
  `timeinLog` int(11) DEFAULT NULL,
  `attendance_timesModified` int(11) DEFAULT NULL,
  `attendance_voided` varchar(255) DEFAULT NULL
) ENGINE=InnoDB DEFAULT CHARSET=latin1;

--
-- Dumping data for table `tbl_attendance`
--

INSERT INTO `tbl_attendance` (`attendanceID`, `employeeID`, `attendanceDate`, `attendance_timeIn`, `attendance_timeOut`, `attendance_timeOutDate`, `attendance_location`, `remarks`, `hourWorked`, `status`, `timeinLog`, `attendance_timesModified`, `attendance_voided`) VALUES
(1, 2, '2018-09-28', '16:27:54', '00:00:00', '0000-00-00', '', '', 0, 'Offline', 0, 0, ''),
(2, 1, '2018-09-28', '16:50:17', '00:00:00', '0000-00-00', '', '', 4.48, 'Offline', 0, 0, ''),
(3, 1, '2018-09-28', '21:24:02', '00:00:00', '0000-00-00', '', '', 0, 'Offline', 1, 0, ''),
(4, 1, '2018-09-28', '21:24:19', '00:00:00', '0000-00-00', '', '', 0, 'Offline', 2, 0, ''),
(5, 1, '2018-09-28', '21:29:47', '00:00:00', '0000-00-00', '', '', 0, 'Offline', 3, 0, ''),
(6, 4, '2018-09-28', '22:40:20', '00:00:00', '0000-00-00', '', '', 0.07, 'Offline', 1, 0, ''),
(7, 4, '2018-09-28', '22:48:20', '00:00:00', '0000-00-00', '', '', 0, 'Offline', 2, 0, ''),
(8, 4, '2018-09-28', '22:48:27', '00:00:00', '0000-00-00', '', '', 0, 'Offline', 3, 0, ''),
(9, 4, '2018-09-28', '22:49:17', '00:00:00', '0000-00-00', '', '', 1.05, 'Offline', 4, 0, ''),
(10, 4, '2018-09-28', '22:57:50', '00:00:00', '0000-00-00', '', '', 0.05, 'Offline', 5, 0, ''),
(11, 4, '2018-09-29', '05:58:02', '00:00:00', '0000-00-00', '', '', 6861.27, 'Offline', 1, 0, ''),
(12, 4, '2018-09-29', '05:58:22', '00:00:00', '0000-00-00', '', '', 6861.27, 'Offline', 2, 0, ''),
(13, 4, '2018-09-29', '00:00:39', '00:00:00', '0000-00-00', '', '', 6861.27, 'Offline', 3, 0, ''),
(14, 4, '2018-09-29', '00:00:43', '00:00:00', '0000-00-00', '', '', 6861.27, 'Offline', 4, 0, ''),
(15, 4, '2018-09-29', '00:00:48', '00:00:00', '0000-00-00', '', '', 6861.27, 'Offline', 5, 0, ''),
(16, 4, '2018-09-29', '00:00:51', '00:00:00', '0000-00-00', '', '', 6861.27, 'Offline', 6, 0, ''),
(17, 4, '2018-09-29', '00:15:53', '00:00:00', '0000-00-00', '', '', 6861.27, 'Offline', 7, 0, ''),
(18, 4, '2018-09-29', '00:16:54', '00:00:00', '0000-00-00', '', '', 6861.27, 'Offline', 8, 0, ''),
(19, 4, '2018-09-29', '07:17:23', '00:00:00', '0000-00-00', '', '', 6861.27, 'Offline', 9, 0, ''),
(20, 4, '2018-09-29', '07:19:09', '00:00:00', '0000-00-00', '', '', 6861.27, 'Offline', 10, 0, ''),
(21, 4, '2018-09-29', '10:21:16', '00:00:00', '0000-00-00', '', '', 6861.27, 'Offline', 11, 0, ''),
(22, 4, '2018-09-29', '11:21:46', '00:00:00', '0000-00-00', '', '', 6861.27, 'Offline', 12, 0, ''),
(23, 4, '2018-09-29', '11:24:59', '00:00:00', '0000-00-00', '', '', 6861.27, 'Offline', 13, 0, ''),
(24, 4, '2018-09-29', '11:28:25', '00:00:00', '0000-00-00', '', '', 6861.27, 'Offline', 14, 0, ''),
(25, 4, '2018-09-29', '11:31:35', '00:00:00', '0000-00-00', '', '', 6861.27, 'Offline', 15, 0, ''),
(26, 4, '2018-09-29', '11:32:28', '00:00:00', '0000-00-00', '', '', 6861.27, 'Offline', 16, 0, ''),
(27, 4, '2018-09-29', '11:32:47', '00:00:00', '0000-00-00', '', '', 6861.27, 'Offline', 17, 0, ''),
(28, 4, '2018-09-29', '12:33:32', '00:00:00', '0000-00-00', '', '', 6861.27, 'Offline', 18, 0, ''),
(29, 4, '2018-09-29', '16:35:58', '00:00:00', '0000-00-00', '', '', 6861.27, 'Offline', 19, 0, ''),
(30, 4, '2018-09-29', '17:40:42', '00:00:00', '0000-00-00', '', '', 6861.27, 'Offline', 20, 0, ''),
(31, 4, '2018-09-29', '18:42:45', '00:00:00', '0000-00-00', '', '', 6861.27, 'Offline', 21, 0, ''),
(32, 4, '2018-09-29', '19:43:03', '00:00:00', '0000-00-00', '', '', 6861.27, 'Offline', 22, 0, ''),
(33, 4, '2018-09-29', '08:43:26', '21:00:00', '0000-00-00', 'Office', '', 12, 'Offline', 23, 3, ''),
(34, 2, '2018-09-29', '21:00:16', '00:00:00', '0000-00-00', '', '', 1, 'Offline', 1, 0, ''),
(35, 2, '2018-09-29', '21:00:40', '00:00:00', '0000-00-00', '', '', 1, 'Offline', 2, 0, ''),
(36, 4, '2018-09-29', '01:30:54', '00:00:00', '0000-00-00', '', '', 6861.27, 'Offline', 24, 0, ''),
(37, 15, '2018-09-29', '08:30:25', '00:00:00', '0000-00-00', '', '', 0.02, 'Offline', 1, 0, ''),
(38, 1, '2018-11-21', '09:45:14', '00:00:00', '0000-00-00', '', '', 0, 'Offline', 1, 0, ''),
(39, 1, '2018-11-21', '09:45:28', '00:00:00', '0000-00-00', '', '', 0, 'Offline', 2, 0, ''),
(40, 1, '2018-11-21', '09:45:31', '00:00:00', '0000-00-00', '', '', 0, 'Offline', 3, 0, ''),
(41, 1, '2019-02-13', '01:01:47', '00:00:00', '0000-00-00', '', '', 0, 'Offline', 1, 0, ''),
(42, 1, '2019-02-13', '01:02:03', '00:00:00', '0000-00-00', '', '', 0, 'Offline', 2, 0, ''),
(43, 1, '2019-02-15', '11:41:08', '00:00:00', '0000-00-00', '', '', 0.12, 'Offline', 1, 0, ''),
(44, 1, '2019-02-15', '11:41:22', '00:00:00', '0000-00-00', '', '', 0.12, 'Offline', 2, 0, ''),
(45, 1, '2019-02-15', '11:57:51', '00:00:00', '0000-00-00', '', '', 0.12, 'Offline', 3, 0, ''),
(46, 1, '2019-02-21', '17:07:38', '00:00:00', '0000-00-00', '', '', 0, 'Offline', 1, 0, ''),
(47, 1, '2019-02-24', '16:24:56', '00:00:00', '0000-00-00', '', '', 3.45, 'Offline', 1, 0, ''),
(48, 1, '2019-02-24', '22:08:43', '00:00:00', '0000-00-00', '', '', 0, 'Offline', 2, 0, ''),
(49, 1, '2019-02-25', '07:47:23', '00:00:00', '0000-00-00', '', '', 7.37, 'Offline', 1, 0, ''),
(50, 1, '2019-02-25', '11:59:57', '00:00:00', '0000-00-00', '', '', 7.37, 'Offline', 2, 0, ''),
(51, 1, '2019-02-25', '17:17:46', '00:00:00', '0000-00-00', '', '', 7.37, 'Offline', 3, 0, ''),
(52, 28, '2019-03-01', '09:54:30', '00:00:00', '0000-00-00', '', '', 0.4, 'Offline', 1, 0, ''),
(53, 31, '2019-03-01', '11:27:28', '00:00:00', '0000-00-00', '', '', 0, 'Offline', 1, 0, ''),
(54, 34, '2019-03-04', '11:23:33', '00:00:00', '0000-00-00', '', '', 0, 'Offline', 1, 0, ''),
(55, 35, '2019-03-04', '00:29:00', '01:00:00', '0000-00-00', 'Office', '', 0, 'Offline', 1, 3, 'VOID'),
(56, 25, '2019-03-04', '11:33:24', '00:00:00', '0000-00-00', '', '', 0, 'Offline', 1, 0, ''),
(57, 36, '2019-03-05', '18:32:41', '01:00:00', '0000-00-00', 'WR', '', 0.03, 'Offline', 1, 3, ''),
(58, 1, '2019-03-10', '20:50:23', '00:00:00', '0000-00-00', '', '', 0.02, 'Offline', 1, 0, ''),
(59, 1, '2019-03-10', '20:51:31', '00:00:00', '0000-00-00', '', '', 0.02, 'Offline', 2, 0, ''),
(60, 40, '2019-03-10', '22:17:10', '00:00:00', '0000-00-00', '', '', 1.57, 'Offline', 1, 0, ''),
(61, 40, '2019-03-11', '20:21:19', '00:00:00', '0000-00-00', '', '', 0, 'Offline', 1, 0, ''),
(62, 41, '2019-03-20', '11:28:48', '00:00:00', '0000-00-00', '', '', 0, 'Offline', 1, 0, ''),
(63, 1, '2019-03-21', '16:53:26', '00:00:00', '0000-00-00', '', '', 0, 'Offline', 1, 0, ''),
(64, 1, '2019-03-21', '16:53:36', '00:00:00', '0000-00-00', '', '', 0, 'Offline', 2, 0, ''),
(65, 1, '2019-03-21', '16:53:44', '00:00:00', '0000-00-00', '', '', 0, 'Offline', 3, 0, ''),
(66, 40, '2019-03-22', '16:55:58', '00:00:00', '0000-00-00', '', '', 0.05, 'Offline', 1, 0, ''),
(67, 1, '2019-03-22', '17:17:51', '00:00:00', '0000-00-00', '', '', 1.52, 'Offline', 1, 0, ''),
(68, 40, '2019-03-24', '12:23:43', '00:00:00', '0000-00-00', '', '', 0, 'Offline', 1, 0, ''),
(69, 45, '2019-03-24', '17:47:00', '00:00:00', '0000-00-00', '', '', 0, 'Offline', 1, 0, ''),
(70, 41, '2019-06-21', '13:48:06', '00:00:00', '0000-00-00', '', '', 0.45, 'Offline', 1, 0, ''),
(71, 41, '2019-07-10', '19:33:17', '00:00:00', '0000-00-00', '', '', 0, 'Offline', 1, 0, ''),
(72, 41, '2019-07-12', '00:01:53', '00:00:00', '0000-00-00', '', '', 0, 'Offline', 1, 0, 'VOID'),
(73, 57, '2019-07-26', '13:54:43', '00:00:00', '0000-00-00', '', '', 0, 'Offline', 1, 0, ''),
(74, 55, '2019-07-27', '13:42:47', '00:00:00', '0000-00-00', '', '', 0, 'Offline', 1, 0, ''),
(75, 56, '2019-07-27', '14:14:28', '00:00:00', '0000-00-00', '', '', 0.05, 'Offline', 1, 0, ''),
(76, 53, '2019-07-27', '14:23:01', '00:00:00', '0000-00-00', '', '', 0, 'Offline', 1, 0, ''),
(77, 53, '2019-07-29', '19:41:17', '00:00:00', '0000-00-00', '', '', 0, 'Offline', 1, 0, ''),
(78, 41, '2019-08-01', '13:53:19', '00:00:00', '0000-00-00', '', '', 2.66, 'Offline', 1, 0, ''),
(79, 52, '2019-08-01', '14:15:27', '00:00:00', '0000-00-00', '', '', 0, 'Offline', 1, 0, ''),
(80, 41, '2019-08-01', '15:41:33', '00:00:00', '0000-00-00', 'HOME', '', 2.66, 'Offline', 2, 0, ''),
(81, 41, '2019-08-01', '15:50:33', '00:00:00', '0000-00-00', 'WR', '', 2.66, 'Offline', 3, 0, ''),
(82, 41, '2019-08-01', '15:59:45', '00:00:00', '0000-00-00', 'WR', '', 2.66, 'Offline', 4, 0, ''),
(83, 41, '2019-08-01', '16:01:38', '00:00:00', '0000-00-00', 'WR', '', 2.66, 'Offline', 5, 0, ''),
(84, 49, '2019-08-01', '16:43:19', '00:00:00', '0000-00-00', '', '', 0, 'Offline', 1, 0, 'VOID'),
(85, 41, '2019-08-01', '16:58:18', '00:00:00', '0000-00-00', 'WR', '', 0, 'Offline', 6, 0, ''),
(86, 41, '2019-08-02', '01:25:39', '00:00:00', '0000-00-00', 'Office', '', 0.82, 'Offline', 1, 0, ''),
(87, 41, '2019-08-02', '13:10:15', '00:00:00', '0000-00-00', 'WR', '', 0.82, 'Offline', 2, 0, ''),
(88, 52, '2019-08-02', '14:09:59', '00:00:00', '0000-00-00', 'WR', '', 1.95, 'Offline', 1, 0, ''),
(89, 52, '2019-08-02', '14:30:04', '00:00:00', '0000-00-00', 'WR', '', 1.95, 'Offline', 2, 0, ''),
(90, 52, '2019-08-02', '15:01:13', '00:00:00', '0000-00-00', 'WR', '', 1.95, 'Offline', 3, 0, ''),
(91, 52, '2019-08-02', '15:22:33', '00:00:00', '0000-00-00', 'WR', '', 1.95, 'Offline', 4, 0, ''),
(92, 52, '2019-08-02', '15:22:42', '00:00:00', '0000-00-00', 'WR', '', 1.95, 'Offline', 5, 0, ''),
(93, 52, '2019-08-02', '15:22:51', '00:00:00', '0000-00-00', 'WR', '', 1.95, 'Offline', 6, 0, ''),
(94, 52, '2019-08-02', '15:24:54', '00:00:00', '0000-00-00', 'WR', '', 1.95, 'Offline', 7, 0, ''),
(95, 52, '2019-08-02', '16:13:43', '00:00:00', '0000-00-00', 'WR', '', 1.95, 'Offline', 8, 0, ''),
(96, 52, '2019-08-02', '16:13:56', '00:00:00', '0000-00-00', 'WR', '', 1.95, 'Offline', 9, 0, ''),
(97, 52, '2019-08-02', '16:14:08', '00:00:00', '0000-00-00', 'WR', '', 0, 'Offline', 10, 0, ''),
(98, 41, '2019-08-02', '16:18:07', '00:00:00', '0000-00-00', 'WR', '', 0.82, 'Offline', 3, 0, ''),
(99, 41, '2019-08-02', '17:07:14', '00:00:00', '0000-00-00', 'WR', '', 0, 'Offline', 4, 0, ''),
(100, 52, '2019-08-03', '23:52:22', '00:00:00', '0000-00-00', 'WR', '', 0, 'Offline', 1, 0, ''),
(101, 41, '2019-08-05', '15:27:23', '00:00:00', '0000-00-00', 'WR', '', 0.23, 'Offline', 1, 0, ''),
(102, 41, '2019-08-05', '15:31:30', '00:00:00', '0000-00-00', 'WR', '', 0.23, 'Offline', 2, 0, ''),
(103, 41, '2019-08-05', '15:45:38', '00:00:00', '0000-00-00', 'WR', '', 0, 'Offline', 3, 0, ''),
(104, 41, '2019-08-06', '13:02:14', '00:00:00', '0000-00-00', 'WR', '', 1.6, 'Offline', 1, 0, ''),
(105, 41, '2019-08-06', '13:02:24', '00:00:00', '0000-00-00', 'WR', '', 1.6, 'Offline', 2, 0, ''),
(106, 41, '2019-08-06', '13:45:22', '00:00:00', '0000-00-00', 'WR', '', 1.6, 'Offline', 3, 0, ''),
(107, 41, '2019-08-06', '13:54:28', '00:00:00', '0000-00-00', 'WR', '', 1.6, 'Offline', 4, 0, ''),
(108, 52, '2019-08-06', '13:58:36', '00:00:00', '0000-00-00', 'WR', '', 0, 'Offline', 1, 0, ''),
(109, 43, '2019-08-06', '13:58:51', '00:00:00', '0000-00-00', 'WR', '', 0.1, 'Offline', 1, 0, ''),
(110, 52, '2019-08-06', '14:01:02', '00:00:00', '0000-00-00', 'WR', '', 0, 'Offline', 2, 0, ''),
(111, 52, '2019-08-06', '14:01:54', '00:00:00', '0000-00-00', 'WR', '', 0, 'Offline', 3, 0, ''),
(112, 43, '2019-08-06', '14:04:31', '00:00:00', '0000-00-00', 'WR', '', 0.1, 'Offline', 2, 0, ''),
(113, 59, '2019-08-06', '14:25:37', '23:06:00', '2019-08-06', 'WR', '', 8.5, 'Offline', 1, 0, ''),
(114, 43, '2019-08-06', '14:45:14', '00:00:00', '0000-00-00', 'WR', '', 0, 'Offline', 3, 0, ''),
(115, 41, '2019-08-06', '15:28:18', '00:00:00', '0000-00-00', 'WR', '', 0.4, 'Offline', 5, 0, ''),
(116, 41, '2019-08-06', '15:54:05', '00:00:00', '0000-00-00', 'WR', '', 0.8, 'Offline', 6, 0, ''),
(117, 41, '2019-08-06', '15:54:27', '00:00:00', '0000-00-00', 'WR', '', 0.8, 'Offline', 7, 0, ''),
(118, 41, '2019-08-06', '15:56:48', '00:00:00', '0000-00-00', 'WR', '', 0.8, 'Offline', 8, 0, ''),
(119, 41, '2019-08-06', '17:02:47', '00:00:00', '0000-00-00', 'WR', '', 0.7, 'Offline', 9, 0, ''),
(120, 41, '2019-08-06', '17:03:20', '00:00:00', '0000-00-00', 'WR', '', 0.7, 'Offline', 10, 0, ''),
(122, 41, '2019-08-07', '09:04:02', '09:53:21', '0000-00-00', 'WR', '', 0.3, 'Offline', 1, 0, ''),
(123, 41, '2019-08-07', '09:21:05', '09:55:18', '0000-00-00', 'WR', '', 0.2, 'Offline', 2, 0, ''),
(124, 41, '2019-08-07', '09:37:07', '18:51:43', '0000-00-00', 'WR', '', 8.9, 'Offline', 3, 0, ''),
(125, 41, '2019-08-07', '09:51:31', '18:51:43', '0000-00-00', 'WR', '', 8.9, 'Offline', 4, 0, ''),
(126, 41, '2019-08-07', '09:51:56', '10:03:27', '0000-00-00', 'WR', '', 8.9, 'Offline', 5, 0, ''),
(127, 41, '2019-08-07', '09:55:23', '09:55:30', '0000-00-00', 'WR', '', 0.2, 'Offline', 5, 0, ''),
(128, 41, '2019-08-07', '09:55:42', '09:56:02', '0000-00-00', 'WR', '', 0.2, 'Offline', 6, 0, ''),
(129, 41, '2019-08-07', '09:56:04', '10:03:38', '0000-00-00', 'WR', '', 0.2, 'Offline', 7, 0, ''),
(130, 41, '2019-08-07', '10:00:48', '10:03:57', '0000-00-00', 'WR', '', 0.2, 'Offline', 7, 0, ''),
(131, 41, '2019-08-07', '10:03:32', '10:04:02', '0000-00-00', 'WR', '', 0.1, 'Offline', 7, 0, ''),
(132, 41, '2019-08-07', '10:04:07', '10:04:18', '0000-00-00', 'WR', '', 0.5, 'Offline', 8, 0, ''),
(133, 41, '2019-08-07', '10:04:25', '10:05:56', '0000-00-00', 'WR', '', 0.5, 'Offline', 9, 0, ''),
(134, 41, '2019-08-07', '10:06:05', '10:33:18', '0000-00-00', 'WR', '', 0.5, 'Offline', 10, 0, ''),
(135, 41, '2019-08-07', '10:06:24', '10:33:23', '0000-00-00', 'WR', '', 0.5, 'Offline', 10, 0, ''),
(136, 41, '2019-08-07', '10:06:28', '10:33:26', '0000-00-00', 'WR', '', 0.5, 'Offline', 10, 0, ''),
(137, 41, '2019-08-07', '10:34:17', '11:18:40', '0000-00-00', 'WR', '', 0.7, 'Offline', 11, 0, ''),
(138, 41, '2019-08-07', '11:18:45', '14:23:48', '0000-00-00', 'WR', '', 3.1, 'Offline', 12, 0, ''),
(139, 60, '2019-08-07', '11:32:20', '12:42:01', '0000-00-00', 'WR', '', 1, 'Offline', 1, 0, ''),
(142, 41, '2019-08-07', '14:23:56', '19:23:30', '0000-00-00', 'WR', '', 4, 'Offline', 13, 0, ''),
(144, 41, '2019-08-07', '19:33:26', '19:35:50', '0000-00-00', 'WR', '', 1.4, 'Offline', 14, 0, ''),
(145, 41, '2019-08-07', '19:36:16', '21:03:05', '0000-00-00', 'WR', '', 1.4, 'Offline', 15, 0, ''),
(147, 41, '2019-08-07', '21:03:08', '22:03:08', '0000-00-00', 'WR', '', 1, 'Offline', 16, 0, ''),
(148, 41, '2019-08-07', '22:03:14', '00:03:09', '0000-00-00', 'WR', '', 0, 'Offline', 17, 0, ''),
(150, 59, '2019-08-07', '22:41:34', '09:42:52', '2019-08-08', 'WR', '', 13, 'Offline', 2, 0, ''),
(151, 58, '2019-08-07', '22:47:18', '00:54:23', '2019-08-12', 'WR', '', 21.5, 'Offline', 1, 0, ''),
(152, 41, '2019-08-08', '00:04:17', '00:16:28', '0000-00-00', 'WR', '', 0.2, 'Offline', 1, 0, ''),
(153, 41, '2019-08-08', '00:17:22', '00:17:24', '0000-00-00', 'WR', '', 0, 'Offline', 2, 0, ''),
(154, 41, '2019-08-08', '00:22:11', '00:22:13', '0000-00-00', 'WR', '', 0, 'Offline', 3, 0, ''),
(155, 41, '2019-08-08', '00:22:47', '00:22:49', '0000-00-00', 'WR', '', 0, 'Offline', 4, 0, ''),
(156, 41, '2019-08-08', '00:42:23', '00:42:26', '2019-08-08', 'WR', '', 0.5, 'Offline', 5, 0, ''),
(157, 41, '2019-08-08', '00:43:47', '00:43:56', '2019-08-08', 'WR', '', 0.5, 'Offline', 6, 0, ''),
(158, 41, '2019-08-08', '00:45:33', '00:45:37', '2019-08-08', 'WR', '', 0.5, 'Offline', 7, 0, ''),
(159, 41, '2019-08-08', '00:48:50', '00:48:53', '0000-00-00', 'WR', '', 0, 'Offline', 8, 0, ''),
(160, 41, '2019-08-08', '00:49:05', '00:57:44', '2019-08-08', 'WR', '', 0.5, 'Offline', 9, 0, ''),
(161, 41, '2019-08-08', '00:59:46', '01:27:41', '2019-08-08', 'WR', '', 0.5, 'Offline', 10, 0, ''),
(162, 41, '2019-08-08', '01:27:58', '02:08:20', '2019-08-08', 'WR', '', 0.7, 'Offline', 11, 0, ''),
(163, 41, '2019-08-08', '02:08:37', '02:13:11', '2019-08-08', 'WR', '', 0.1, 'Offline', 12, 0, ''),
(164, 41, '2019-08-08', '02:13:21', '03:20:39', '2019-08-08', 'WR', '', 1.1, 'Offline', 13, 0, ''),
(165, 60, '2019-08-08', '03:08:54', '03:58:19', '2019-08-08', 'WR', '', 1, 'Offline', 1, 0, ''),
(166, 41, '2019-08-08', '03:47:34', '06:48:52', '2019-08-08', 'WR', '', 3, 'Offline', 14, 0, ''),
(167, 60, '2019-08-08', '03:58:40', '20:22:48', '2019-08-08', 'WR', '', 15, 'Offline', 2, 0, ''),
(168, 41, '2019-08-08', '06:48:57', '07:44:03', '2019-08-08', 'WR', '', 1, 'Offline', 15, 0, ''),
(169, 41, '2019-08-08', '07:44:31', '14:04:48', '2019-08-08', 'WR', '', 6, 'Offline', 16, 0, ''),
(170, 59, '2019-08-08', '09:43:13', '00:56:49', '2019-08-09', 'WR', '', 7.5, 'Offline', 1, 1, ''),
(171, 41, '2019-08-08', '14:20:38', '16:30:50', '2019-08-08', 'WR', '', 2, 'Offline', 17, 0, ''),
(172, 41, '2019-08-08', '16:30:56', '18:03:32', '2019-08-08', 'WR', '', 1, 'Offline', 18, 0, ''),
(173, 41, '2019-08-08', '18:03:46', '18:05:36', '2019-08-08', 'WR', '', 1, 'Offline', 19, 0, ''),
(174, 41, '2019-08-08', '18:06:43', '18:06:47', '2019-08-08', 'WR', '', 1, 'Offline', 20, 0, ''),
(175, 41, '2019-08-08', '18:06:59', '18:08:56', '2019-08-08', 'WR', '', 1, 'Offline', 21, 0, ''),
(176, 41, '2019-08-08', '18:26:40', '19:43:06', '2019-08-08', 'WR', '', 1, 'Offline', 22, 0, ''),
(177, 41, '2019-08-08', '20:02:44', '20:05:01', '2019-08-08', 'WR', '', 0, 'Offline', 23, 0, ''),
(178, 60, '2019-08-08', '20:25:13', '00:25:00', '2019-08-09', 'WR', '', 4, 'Offline', 3, 0, ''),
(179, 41, '2019-08-08', '20:27:52', '02:18:31', '2019-08-09', 'WR', '', 17.2, 'Offline', 24, 0, ''),
(182, 59, '2019-08-09', '01:19:40', '23:31:54', '2019-08-09', 'WR', '', 22, 'Offline', 3, 0, ''),
(188, 41, '2019-08-09', '02:40:29', '03:29:53', '2019-08-09', 'WR', '', 0.8, 'Offline', 1, 0, ''),
(189, 41, '2019-08-09', '04:10:50', '09:09:02', '2019-08-09', 'Office', '', 4.1, 'Offline', 2, 2, ''),
(190, 41, '2019-08-09', '09:09:26', '17:45:38', '2019-08-09', 'WR', '', 7.6, 'Offline', 3, 0, ''),
(191, 41, '2019-08-09', '17:50:32', '07:07:38', '2019-08-12', 'WR', '', 10.7, 'Offline', 4, 0, ''),
(194, 59, '2019-08-10', '00:17:48', '23:07:07', '2019-08-11', 'WR', '', 22.5, 'Offline', 1, 0, ''),
(196, 58, '2019-08-12', '00:54:30', '12:28:27', '2019-08-12', 'WR', '', 22.5, 'Offline', 1, 1, ''),
(197, 41, '2019-08-12', '07:07:55', '08:54:38', '2019-08-12', 'WR', '', 1.8, 'Offline', 1, 0, ''),
(201, 41, '2019-08-13', '09:06:06', '14:37:17', '2019-08-13', 'WR', '', 5, 'Offline', 1, 0, ''),
(203, 59, '2019-08-13', '14:29:25', '23:58:01', '2019-08-14', 'WR', '', 9, 'Offline', 1, 0, ''),
(206, 49, '2019-08-13', '14:49:49', '17:17:45', '2019-08-13', 'WR', '', 2.45, 'Offline', 1, 0, ''),
(207, 41, '2019-08-13', '14:54:07', '12:13:37', '2019-08-14', 'WR', '', 2.6666666666667, 'Offline', 2, 0, ''),
(208, 58, '2019-08-13', '15:35:15', '21:00:00', '2019-08-13', 'WR', '', 6.5, 'Offline', 1, 0, ''),
(209, 49, '2019-08-13', '17:18:00', '07:14:03', '2019-08-16', 'WR', '', 10, 'Offline', 2, 0, ''),
(210, 41, '2019-08-14', '12:14:02', '08:41:57', '2019-08-15', 'WR', '', 3.5333333333333, 'Offline', 1, 0, ''),
(212, 59, '2019-06-03', '08:00:00', '17:00:00', '2019-06-03', 'WR', '', 9, 'Offline', 1, 0, 'VOID'),
(213, 59, '2019-06-05', '08:00:00', '16:00:00', '2019-06-05', 'Office', '', 8, 'Offline', 1, 0, 'VOID'),
(214, 59, '2019-06-07', '14:00:00', '24:00:00', '2019-06-07', 'WR', '', 10, 'Offline', 1, 2, 'VOID'),
(215, 59, '2019-06-10', '12:00:00', '20:00:00', '2019-06-10', 'WR', '', 8, 'Offline', 1, 0, ''),
(216, 59, '2019-06-11', '12:00:00', '20:00:00', '2019-06-11', 'WR', '', 8, 'Offline', 1, 2, ''),
(217, 59, '2019-06-12', '12:00:00', '20:00:00', '2019-06-12', 'WR', '', 8, 'Offline', 1, 0, ''),
(218, 59, '2019-06-13', '13:00:00', '21:30:00', '2019-06-13', 'WR', '', 8.5, 'Offline', 1, 2, ''),
(219, 59, '2019-06-14', '12:00:00', '20:00:00', '2019-06-14', 'WR', '', 8, 'Offline', 1, 0, ''),
(220, 59, '2019-06-17', '14:00:00', '21:30:00', '2019-06-17', 'WR', '', 7.5, 'Offline', 1, 2, ''),
(221, 59, '2019-06-18', '12:00:00', '20:00:00', '2019-06-18', 'WR', '', 8, 'Offline', 1, 0, ''),
(222, 59, '2019-06-19', '13:00:00', '24:00:00', '2019-06-20', 'WR', '', 11, 'Offline', 1, 0, ''),
(223, 59, '2019-06-20', '12:00:00', '20:00:00', '2019-06-20', 'WR', '', 8, 'Offline', 1, 0, ''),
(224, 59, '2019-06-21', '12:00:00', '20:00:00', '2019-06-21', 'WR', '', 8, 'Offline', 1, 0, ''),
(225, 59, '2019-06-24', '14:20:00', '21:20:00', '2019-06-24', 'WR', '', 7, 'Offline', 1, 2, 'VOID'),
(226, 59, '2019-06-25', '13:00:00', '21:20:00', '2019-06-25', 'WR', '', 8, 'Offline', 1, 0, ''),
(227, 59, '2019-06-26', '13:00:00', '23:00:00', '2019-06-26', 'WR', '', 10, 'Offline', 1, 0, ''),
(228, 59, '2019-06-27', '12:00:00', '20:30:00', '2019-06-27', 'WR', '', 8.5, 'Offline', 1, 0, ''),
(229, 59, '2019-06-28', '12:00:00', '20:05:00', '2019-06-28', 'WR', '', 8, 'Offline', 1, 1, ''),
(230, 59, '2019-07-01', '12:20:00', '21:23:00', '2019-07-01', 'Office', '', 8, 'Offline', 1, 2, ''),
(231, 59, '2019-07-02', '13:00:00', '21:20:00', '2019-07-02', 'WR', '', 8, 'Offline', 1, 0, ''),
(232, 59, '2019-07-03', '12:00:00', '21:20:00', '2019-07-03', 'WR', '', 9, 'Offline', 1, 0, ''),
(233, 59, '2019-07-04', '13:30:00', '24:20:00', '2019-07-05', 'WR', '', 10, 'Offline', 1, 0, ''),
(234, 59, '2019-07-05', '12:00:00', '20:30:00', '2019-07-05', 'WR', '', 8.5, 'Offline', 1, 0, ''),
(236, 59, '2019-07-09', '13:00:00', '21:20:00', '2019-07-09', 'WR', '', 8, 'Offline', 1, 0, ''),
(237, 59, '2019-07-10', '12:00:00', '21:20:00', '2019-07-10', 'WR', '', 9, 'Offline', 1, 2, ''),
(238, 59, '2019-07-11', '13:30:00', '24:20:00', '2019-07-12', 'WR', '', 10, 'Offline', 1, 0, ''),
(239, 59, '2019-07-08', '12:20:00', '21:23:00', '2019-07-08', 'Office', '', 8, 'Offline', 1, 2, ''),
(240, 59, '2019-07-12', '12:00:00', '20:30:00', '2019-07-12', 'WR', '', 8.5, 'Offline', 1, 0, ''),
(241, 59, '2019-07-14', '12:00:00', '05:30:00', '2019-07-14', 'Office', '', 5.5, 'Offline', 1, 2, ''),
(242, 59, '2019-07-14', '18:00:00', '21:30:00', '2019-07-14', 'Office', '', 3, 'Offline', 2, 2, ''),
(244, 59, '2019-07-15', '12:00:00', '24:30:00', '2019-07-16', 'Office', '', 12.5, 'Offline', 1, 2, ''),
(245, 59, '2019-07-16', '12:00:00', '20:30:00', '2019-07-14', 'Office', '', 8.5, 'Offline', 1, 2, ''),
(246, 59, '2019-07-17', '12:00:00', '20:30:00', '2019-07-17', 'Office', '', 8.5, 'Offline', 1, 2, ''),
(247, 59, '2019-07-18', '12:00:00', '20:30:00', '2019-07-18', 'Office', '', 8.5, 'Offline', 1, 2, ''),
(248, 59, '2019-07-22', '12:00:00', '24:30:00', '2019-07-23', 'Office', '', 12.5, 'Offline', 1, 2, ''),
(249, 59, '2019-07-23', '12:00:00', '20:30:00', '2019-07-23', 'Office', '', 8.5, 'Offline', 1, 2, ''),
(250, 59, '2019-07-24', '15:00:00', '24:30:00', '2019-07-24', 'Office', '', 9.5, 'Offline', 1, 2, ''),
(251, 59, '2019-07-25', '12:00:00', '20:30:00', '2019-07-25', 'Office', '', 8.5, 'Offline', 1, 2, ''),
(252, 59, '2019-07-29', '12:00:00', '16:30:00', '2019-07-29', 'Office', '', 4.5, 'Offline', 1, 2, ''),
(253, 59, '2019-07-29', '17:30:00', '20:30:00', '2019-07-29', 'Office', '', 3, 'Offline', 2, 2, ''),
(254, 59, '2019-07-30', '13:30:00', '17:30:00', '2019-07-30', 'Office', '', 4, 'Offline', 1, 2, ''),
(255, 59, '2019-07-30', '17:30:00', '20:30:00', '2019-07-30', 'Office', '', 3, 'Offline', 2, 2, ''),
(256, 59, '2019-07-31', '15:00:00', '21:30:00', '2019-07-31', 'Office', '', 6.5, 'Offline', 1, 2, ''),
(257, 59, '2019-07-31', '22:00:00', '01:30:00', '2019-08-01', 'Office', '', 3.5, 'Offline', 2, 2, ''),
(259, 41, '2019-08-15', '09:32:17', '10:30:32', '2019-08-15', 'WR', '', 0.5, 'Offline', 1, 0, 'VOID'),
(260, 41, '2019-08-15', '10:31:01', '12:10:19', '2019-08-15', 'WR', '', 1.5, 'Offline', 2, 0, ''),
(261, 41, '2019-08-15', '12:16:30', '12:53:29', '2019-08-15', 'WR', '', 0.5, 'Offline', 3, 0, ''),
(263, 41, '2019-08-15', '13:12:30', '16:12:02', '2019-08-15', 'WR', '', 2.5, 'Offline', 4, 0, ''),
(264, 41, '2019-08-15', '16:20:04', '18:42:25', '2019-08-15', 'WR', '', 2, 'Offline', 5, 0, 'VOID'),
(265, 49, '2019-08-15', '17:37:30', '07:26:51', '2019-08-16', 'WR', '', 10, 'Offline', 1, 0, 'VOID'),
(266, 41, '2019-08-15', '18:42:31', '19:20:34', '2019-08-15', 'WR', '', 0.5, 'Offline', 6, 0, ''),
(272, 41, '2019-08-15', '20:35:54', '21:37:31', '2019-08-15', 'WR', '', 2, 'Offline', 7, 1, ''),
(282, 41, '2019-08-15', '22:00:09', '22:44:51', '2019-08-15', 'WR', '', 0.5, 'Offline', 8, 0, 'VOID'),
(289, 41, '2019-08-15', '23:25:16', '00:10:06', '2019-08-16', 'WR', '', 23, 'Offline', 9, 0, 'VOID'),
(290, 41, '2019-08-16', '00:10:34', '03:17:36', '2019-08-16', 'WR', '', 3, 'Offline', 1, 0, 'VOID'),
(293, 41, '2019-08-16', '03:20:46', '07:08:16', '2019-08-16', 'WR', '', 3.5, 'Offline', 2, 2, 'VOID'),
(294, 43, '2019-08-16', '06:51:11', '14:50:35', '2019-08-19', 'WR', '', 7.5, 'Offline', 1, 0, ''),
(295, 44, '2019-08-16', '06:55:29', '14:50:11', '2019-08-19', 'WR', '', 7.5, 'Offline', 1, 0, ''),
(296, 45, '2019-08-16', '07:02:40', '14:49:37', '2019-08-19', 'WR', '', 7.5, 'Offline', 1, 0, ''),
(299, 49, '2019-08-16', '07:28:56', '12:44:36', '2019-08-16', 'WR', '', 5, 'Offline', 1, 0, ''),
(300, 61, '2019-08-16', '07:33:36', '15:59:56', '2019-08-19', 'WR', '', 8, 'Offline', 1, 0, ''),
(301, 49, '2019-08-16', '12:44:55', '14:34:21', '2019-08-16', 'WR', '', 1.5, 'Offline', 2, 0, ''),
(302, 57, '2019-08-16', '12:51:00', '14:48:47', '2019-08-19', 'WR', '', 1.5, 'Offline', 1, 0, ''),
(304, 41, '2019-08-16', '13:32:04', '10:55:23', '2019-08-19', 'Office', '', 2.5, 'Offline', 3, 1, ''),
(305, 60, '2019-08-16', '14:06:16', '20:38:56', '2019-08-18', 'WR', '', 6.5, 'Offline', 1, 0, ''),
(307, 59, '2019-08-16', '14:15:09', '20:38:30', '2019-08-18', 'WR', '', 6, 'Offline', 1, 2, ''),
(308, 58, '2019-08-16', '14:47:48', '16:23:57', '2019-08-16', 'Office', '', 1.5, 'Offline', 1, 0, ''),
(310, 58, '2019-08-16', '16:24:39', '20:37:40', '2019-08-18', 'WR', '', 4, 'Offline', 2, 0, ''),
(311, 41, '2019-08-19', '11:55:40', '19:06:25', '2019-08-19', 'Office', '', 8, 'Offline', 1, 2, 'VOID'),
(312, 40, '2019-08-19', '13:07:34', '14:46:34', '2019-08-19', 'WR', '', 1.5, 'Offline', 1, 0, ''),
(313, 40, '2019-08-19', '14:46:41', '15:49:52', '2019-08-19', 'WR', '', 1, 'Offline', 2, 0, ''),
(314, 57, '2019-08-19', '14:48:56', '07:06:31', '2019-08-20', 'WR', '', 7.5, 'Offline', 1, 0, ''),
(315, 45, '2019-08-19', '14:49:45', '07:06:04', '2019-08-20', 'WR', '', 7.5, 'Offline', 1, 0, ''),
(316, 44, '2019-08-19', '14:50:14', '07:05:05', '2019-08-20', 'WR', '', 7.5, 'Offline', 1, 0, ''),
(317, 43, '2019-08-19', '14:50:38', '07:04:30', '2019-08-20', 'WR', '', 7.5, 'Offline', 1, 0, ''),
(319, 49, '2019-08-19', '15:05:53', '07:03:49', '2019-08-20', 'WR', '', 8, 'Offline', 1, 0, ''),
(320, 61, '2019-08-19', '16:00:02', '07:07:18', '2019-08-20', 'WR', '', 8.5, 'Offline', 1, 0, ''),
(321, 41, '2019-08-19', '22:06:42', '23:37:37', '2019-08-19', 'Office', '', 1.5, 'Offline', 2, 10, 'VOID'),
(323, 60, '2019-08-19', '12:16:28', '22:56:01', '2019-08-19', 'WR', '', 10.5, 'Offline', 1, 0, ''),
(325, 49, '2019-08-20', '07:03:58', '13:09:43', '2019-08-20', 'WR', '', 6, 'Offline', 1, 1, ''),
(326, 43, '2019-08-20', '07:04:37', '13:11:24', '2019-08-20', 'Office', '', 6, 'Offline', 1, 0, ''),
(328, 40, '2019-08-20', '07:06:53', '16:11:36', '2019-08-20', 'Office', '', 9, 'Offline', 1, 0, ''),
(332, 52, '2019-08-20', '13:08:21', '13:46:52', '2019-08-20', 'WR', '', 0.5, 'Offline', 1, 0, ''),
(334, 43, '2019-08-20', '13:11:34', '07:01:04', '2019-08-23', 'WR', '', 6, 'Offline', 2, 0, ''),
(335, 58, '2019-08-20', '13:26:25', '17:37:45', '2019-08-21', 'WR', '', 4, 'Offline', 1, 0, ''),
(336, 60, '2019-08-20', '13:27:20', '18:04:35', '2019-08-20', 'WR', '', 4.5, 'Offline', 1, 0, ''),
(337, 59, '2019-08-01', '13:30:00', '22:00:00', '2019-08-01', 'Office', '', 8.5, 'Offline', 1, 0, ''),
(338, 59, '2019-08-02', '13:30:00', '22:00:00', '2019-08-02', 'Office', '', 8.5, 'Offline', 1, 0, ''),
(339, 59, '2019-08-05', '12:30:00', '21:30:00', '2019-08-05', 'Office', '', 9, 'Offline', 1, 2, ''),
(340, 59, '2019-08-12', '10:00:05', '21:30:12', '2019-08-12', 'Office', '', 11.5, 'Offline', 1, 0, ''),
(341, 59, '2019-08-14', '11:00:15', '21:31:12', '2019-08-14', 'Office', '', 10.5, 'Offline', 1, 1, ''),
(342, 59, '2019-08-15', '11:08:15', '23:49:00', '2019-08-14', 'Office', '', 11, 'Offline', 1, 2, ''),
(344, 59, '2019-08-19', '12:00:00', '16:00:00', '2019-08-19', 'Office', '', 4, 'Offline', 1, 2, ''),
(345, 59, '2019-08-19', '17:00:00', '22:00:00', '2019-08-19', 'WR', '', 5, 'Offline', 2, 0, ''),
(346, 52, '2019-08-20', '13:48:18', '16:07:40', '2019-08-20', 'WR', '', 2, 'Offline', 2, 0, ''),
(347, 41, '2019-08-20', '12:01:00', '13:00:00', '2019-08-20', 'Office', '', 1, 'Offline', 1, 2, 'VOID'),
(348, 41, '2019-08-20', '14:34:00', '15:30:00', '2019-08-20', 'WR', '', 1.5, 'Offline', 2, 10, 'VOID'),
(350, 40, '2019-08-20', '16:12:54', '16:24:19', '2019-08-20', 'WR', '', 0.5, 'Offline', 2, 0, ''),
(351, 59, '2019-08-20', '10:00:05', '22:56:01', '2019-08-20', 'WR', '', 12.5, 'Offline', 1, 0, ''),
(353, 59, '2019-08-20', '17:00:28', '13:53:14', '2019-08-23', 'WR', '', 3, 'Offline', 1, 1, 'VOID'),
(354, 40, '2019-08-20', '18:01:54', '15:47:30', '2019-08-21', 'WR', '', 2, 'Offline', 3, 0, ''),
(355, 41, '2019-08-21', '16:00:36', '17:39:43', '2019-08-21', 'WR', '', 1, 'Offline', 1, 10, 'VOID'),
(356, 57, '2019-08-21', '16:33:32', '07:02:59', '2019-08-23', 'WR', '', 9.5, 'Offline', 1, 0, ''),
(358, 41, '2019-08-21', '17:30:49', '01:00:14', '2019-08-23', 'Office', '', 16, 'Offline', 2, 10, 'VOID'),
(359, 60, '2019-08-22', '14:10:43', '22:30:55', '2019-08-22', 'WR', '', 8, 'Offline', 1, 0, ''),
(360, 40, '2019-08-22', '12:29:30', '23:42:36', '2019-08-22', 'WR', '', 11, 'Offline', 1, 0, ''),
(361, 41, '2019-08-23', '02:02:32', '09:15:09', '2019-08-27', 'WR', '', 7, 'Offline', 1, 2, 'VOID'),
(363, 44, '2019-08-23', '07:01:49', '13:03:03', '2019-08-23', 'Office', '', 6, 'Offline', 1, 0, ''),
(364, 45, '2019-08-23', '07:02:28', '13:03:39', '2019-08-23', 'Office', '', 6, 'Offline', 1, 0, ''),
(365, 57, '2019-08-23', '07:03:11', '13:05:10', '2019-08-23', 'Office', '', 6, 'Offline', 1, 1, ''),
(366, 40, '2019-08-23', '07:06:24', '13:05:56', '2019-08-23', 'Office', '', 5.5, 'Offline', 1, 0, ''),
(367, 61, '2019-08-23', '07:07:06', '13:06:22', '2019-08-23', 'Office', '', 5.5, 'Offline', 1, 0, ''),
(368, 49, '2019-08-23', '13:02:22', '17:05:37', '2019-08-23', 'Office', '', 4, 'Offline', 1, 0, ''),
(369, 43, '2019-08-23', '13:02:43', '17:06:13', '2019-08-23', 'Office', '', 4, 'Offline', 1, 0, ''),
(370, 44, '2019-08-23', '13:03:07', '17:06:46', '2019-08-23', 'Office', '', 4, 'Offline', 2, 0, ''),
(371, 45, '2019-08-23', '13:03:44', '17:10:30', '2019-08-23', 'Office', '', 4, 'Offline', 2, 0, ''),
(372, 57, '2019-08-23', '13:04:13', '09:01:27', '2019-08-29', 'WR', '', 4, 'Offline', 2, 0, ''),
(373, 40, '2019-08-23', '13:06:00', '17:11:00', '2019-08-23', 'Office', '', 4, 'Offline', 2, 0, ''),
(375, 61, '2019-08-23', '13:06:41', '17:21:21', '2019-08-23', 'Office', '', 4, 'Offline', 2, 0, ''),
(376, 59, '2019-08-21', '12:05:15', '16:10:30', '2019-08-21', 'WR', '', 4, 'Offline', 1, 2, ''),
(377, 59, '2019-08-21', '17:35:15', '22:05:30', '2019-08-21', 'Office', '', 4.5, 'Offline', 2, 0, ''),
(378, 59, '2019-08-22', '12:35:15', '22:35:30', '2019-08-22', 'Office', '', 10, 'Offline', 1, 0, ''),
(380, 60, '2019-08-23', '14:13:03', '17:22:55', '2019-08-23', 'WR', '', 3, 'Offline', 1, 0, ''),
(383, 41, '2019-08-27', '09:19:45', '09:50:40', '2019-08-27', 'WR', '', 0.5, 'Offline', 1, 0, 'VOID'),
(384, 41, '2019-08-27', '11:51:04', '13:15:23', '2019-08-27', 'WR', '', 0, 'Offline', 2, 6, ''),
(386, 41, '2019-08-27', '13:15:35', '14:04:06', '2019-08-27', 'WR', '', 0.5, 'Offline', 3, 0, ''),
(387, 59, '2019-08-26', '10:00:05', '16:14:16', '2019-08-26', 'WR', '', 6, 'Offline', 1, 0, ''),
(388, 59, '2019-08-26', '17:00:05', '20:44:16', '2019-08-26', 'WR', '', 3.5, 'Offline', 2, 0, 'VOID'),
(389, 60, '2019-08-27', '13:23:40', '16:26:05', '2019-08-27', 'Office', '', 3, 'Offline', 1, 0, ''),
(390, 40, '2019-08-27', '10:00:05', '12:00:25', '2019-08-27', 'WR', '', 2, 'Offline', 1, 0, ''),
(391, 40, '2019-08-27', '13:10:05', '14:20:25', '2019-08-27', 'WR', '', 1, 'Offline', 2, 0, ''),
(399, 41, '2019-08-27', '14:17:42', '15:17:00', '0000-00-00', 'Office', '', 0, 'Offline', 4, 1, ''),
(433, 41, '2019-08-27', '15:58:08', '14:22:49', '2019-09-04', 'WR', '', 1.5, 'Offline', 5, 0, ''),
(435, 60, '2019-08-27', '16:26:19', '14:17:55', '2019-09-18', 'Office', '', 2, 'Offline', 2, 0, ''),
(436, 59, '2019-08-27', '16:28:40', '12:52:46', '2019-09-05', 'Office', '', 3.5, 'Offline', 1, 0, 'VOID'),
(437, 40, '2019-08-27', '16:44:28', '07:22:57', '2019-08-28', 'WR', '', 9, 'Offline', 3, 0, ''),
(438, 40, '2019-08-28', '07:53:11', '08:27:08', '2019-08-29', 'WR', '', 0.5, 'Offline', 1, 0, ''),
(439, 40, '2019-08-29', '08:27:19', '07:17:09', '2019-08-30', 'WR', '', 1, 'Offline', 1, 0, ''),
(440, 57, '2019-08-29', '09:01:44', '07:18:20', '2019-08-30', 'WR', '', 1.5, 'Offline', 1, 0, ''),
(441, 61, '2019-08-29', '09:02:06', '08:01:34', '2019-09-03', 'WR', '', 1, 'Offline', 1, 0, ''),
(442, 40, '2019-09-02', '07:03:50', '08:00:11', '2019-09-03', 'WR', '', 0.5, 'Offline', 1, 0, ''),
(443, 61, '2019-09-03', '08:01:37', '08:59:53', '2019-09-04', 'Office', '', 0.5, 'Offline', 1, 1, ''),
(444, 44, '2019-09-03', '08:02:30', '09:00:24', '2019-09-04', 'WR', '', 0.5, 'Offline', 1, 0, ''),
(445, 40, '2019-09-04', '08:57:53', '17:00:15', '2019-09-05', 'Office', '', 3.5, 'Offline', 1, 1, ''),
(446, 61, '2019-09-04', '09:00:05', '14:11:51', '2019-09-05', 'Office', '', 5, 'Offline', 1, 0, ''),
(447, 41, '2019-09-04', '14:22:55', '05:25:35', '2019-09-19', 'WR', '', 1, 'Offline', 1, 0, ''),
(448, 40, '2019-09-05', '12:53:21', '21:08:37', '2019-09-05', 'WR', '', 8, 'Offline', 1, 0, ''),
(449, 61, '2019-09-05', '14:13:49', '12:37:50', '2019-10-03', 'WR', '', 670, 'Offline', 1, 0, ''),
(450, 40, '2019-09-05', '21:08:50', '23:51:33', '2019-09-05', 'WR', '', 2.5, 'Offline', 2, 0, ''),
(451, 40, '2019-09-06', '07:03:23', '08:09:44', '2019-09-07', 'WR', '', 1, 'Offline', 1, 0, ''),
(452, 40, '2019-09-12', '08:37:09', '19:54:36', '2019-09-15', 'WR', '', 11, 'Offline', 1, 0, ''),
(453, 59, '2019-09-02', '12:00:05', '21:30:12', '2019-09-02', 'WR', '', 9.5, 'Offline', 1, 0, ''),
(454, 59, '2019-09-03', '10:00:05', '21:30:12', '2019-09-03', 'WR', '', 11.5, 'Offline', 1, 0, ''),
(455, 59, '2019-09-04', '13:00:00', '22:00:00', '2019-09-04', 'WR', '', 9, 'Offline', 1, 0, ''),
(456, 59, '2019-09-05', '10:00:05', '21:30:12', '2019-09-05', 'WR', '', 11.5, 'Offline', 1, 0, ''),
(457, 59, '2019-09-06', '13:00:00', '22:00:00', '2019-09-06', 'WR', '', 9, 'Offline', 1, 0, ''),
(458, 59, '2019-09-09', '12:00:00', '22:30:12', '2019-09-09', 'WR', '', 8.5, 'Offline', 1, 0, ''),
(459, 59, '2019-09-10', '13:00:00', '23:00:00', '2019-09-10', 'WR', '', 10, 'Offline', 1, 0, ''),
(460, 59, '2019-09-11', '12:00:00', '20:00:00', '2019-09-11', 'WR', '', 8, 'Offline', 1, 0, ''),
(461, 59, '2019-09-12', '11:00:00', '22:00:00', '2019-09-12', 'WR', '', 11, 'Offline', 1, 0, ''),
(462, 59, '2019-09-13', '13:00:00', '22:00:00', '2019-09-13', 'WR', '', 9, 'Offline', 1, 0, ''),
(463, 59, '2019-09-16', '12:00:21', '16:30:12', '2019-09-16', 'WR', '', 4.5, 'Offline', 1, 0, ''),
(464, 59, '2019-09-16', '18:00:50', '21:30:10', '2019-09-16', 'WR', '', 3.5, 'Offline', 2, 0, ''),
(465, 59, '2019-09-17', '10:00:05', '12:30:30', '2019-09-17', 'WR', '', 2.5, 'Offline', 1, 0, ''),
(466, 59, '2019-09-17', '13:00:00', '22:00:00', '2019-09-17', 'Office', '', 9, 'Offline', 2, 0, ''),
(468, 60, '2019-09-18', '14:17:58', '16:46:58', '2019-09-18', 'Office', '', 2, 'Offline', 1, 0, ''),
(470, 60, '2019-09-02', '10:00:05', '21:30:12', '2019-09-02', 'Office', '', 11.5, 'Offline', 1, 0, ''),
(471, 60, '2019-09-05', '13:00:00', '22:00:00', '2019-09-05', 'WR', '', 9, 'Offline', 1, 0, ''),
(472, 60, '2019-09-09', '10:00:05', '21:30:12', '2019-09-09', 'Office', '', 11.5, 'Offline', 1, 0, ''),
(473, 60, '2019-09-10', '13:00:00', '22:00:00', '2019-09-10', 'WR', '', 9, 'Offline', 1, 0, ''),
(474, 60, '2019-09-16', '10:00:05', '13:30:12', '2019-09-16', 'WR', '', 3.5, 'Offline', 1, 0, ''),
(475, 60, '2019-09-16', '16:00:00', '22:00:00', '2019-09-16', 'Office', '', 6, 'Offline', 2, 0, ''),
(476, 60, '2019-09-17', '12:00:05', '14:30:12', '2019-09-17', 'WR', '', 2.5, 'Offline', 1, 0, ''),
(477, 60, '2019-09-17', '16:01:21', '21:35:42', '2019-09-17', 'Office', '', 5.5, 'Offline', 2, 0, ''),
(478, 40, '2019-09-17', '12:00:05', '14:30:12', '2019-09-17', 'WR', '', 2.5, 'Offline', 1, 0, ''),
(479, 40, '2019-09-17', '16:01:21', '21:35:42', '2019-09-17', 'Office', '', 5.5, 'Offline', 2, 0, ''),
(480, 40, '2019-09-18', '10:00:05', '12:02:30', '2019-09-18', 'WR', '', 2, 'Offline', 1, 0, ''),
(481, 40, '2019-09-18', '13:00:00', '14:30:22', '2019-09-18', 'Office', '', 1.5, 'Offline', 2, 0, ''),
(482, 60, '2019-09-18', '17:03:59', '08:34:26', '2019-09-19', 'WR', '', 15.5, 'Offline', 2, 0, ''),
(483, 41, '2019-09-19', '05:26:04', '10:26:10', '2019-09-19', 'WR', '', 1, 'Offline', 1, 0, ''),
(484, 40, '2019-09-19', '08:08:00', '14:06:21', '2019-09-23', 'Office', '', 101.5, 'Offline', 1, 0, ''),
(485, 41, '2019-09-19', '10:26:32', '11:02:53', '2019-09-19', 'WR', '', 1, 'Offline', 2, 0, ''),
(486, 41, '2019-09-18', '11:03:36', '13:09:06', '2019-09-19', 'WR', '', 2, 'Offline', 3, 0, ''),
(487, 41, '2019-09-19', '12:19:30', '13:23:38', '2019-09-19', 'WR', '', 1, 'Offline', 2, 0, ''),
(488, 41, '2019-09-18', '20:30:36', '17:16:13', '2019-09-19', 'WR', '', 20.5, 'Offline', 3, 0, ''),
(489, 58, '2019-09-20', '22:32:38', '03:25:35', '2019-09-21', 'WR', '', 4.5, 'Offline', 1, 0, ''),
(490, 41, '2019-09-22', '05:20:42', '22:32:53', '2019-10-24', 'WR', '', 0.65, 'Offline', 1, 3, ''),
(491, 58, '2019-09-22', '15:41:57', '23:22:13', '2019-09-24', 'WR', '', 55.5, 'Offline', 1, 0, ''),
(492, 60, '2019-09-23', '08:34:32', '16:04:46', '2019-09-23', 'WR', '', 7.5, 'Offline', 1, 4, ''),
(493, 40, '2019-09-23', '10:00:05', '11:44:24', '2019-09-23', 'WR', '', 1.5, 'Offline', 1, 0, ''),
(494, 40, '2019-09-23', '13:02:11', '14:35:14', '2019-09-23', 'Office', '', 1.5, 'Offline', 2, 0, ''),
(495, 40, '2019-09-24', '08:48:18', '19:43:55', '2019-09-24', 'WR', '', 10.5, 'Offline', 1, 0, ''),
(496, 58, '2019-09-24', '23:22:19', '18:48:58', '2019-10-01', 'Office', '', 163, 'Offline', 1, 1, 'VOID'),
(497, 40, '2019-09-25', '13:36:40', '14:09:47', '2019-09-27', 'WR', '', 48.5, 'Offline', 1, 0, ''),
(498, 58, '2019-10-01', '18:49:09', '10:15:11', '2019-10-20', 'WR', '', 447, 'Offline', 1, 0, ''),
(499, 61, '2019-10-03', '12:37:57', '07:56:50', '2019-10-24', 'WR', '', 499, 'Offline', 1, 0, ''),
(500, 59, '2019-10-01', '10:00:05', '12:30:30', '2019-10-01', 'WR', '', 2.5, 'Offline', 1, 0, ''),
(501, 59, '2019-10-01', '17:00:00', '22:00:00', '2019-10-01', 'Office', '', 5, 'Offline', 2, 0, ''),
(502, 59, '2019-10-02', '10:00:05', '12:15:30', '2019-10-02', 'WR', '', 2, 'Offline', 1, 0, ''),
(503, 59, '2019-10-02', '14:00:20', '20:33:00', '2019-10-02', 'Office', '', 6.5, 'Offline', 2, 0, ''),
(504, 59, '2019-10-03', '13:11:05', '18:51:30', '2019-10-03', 'WR', '', 5.5, 'Offline', 1, 0, ''),
(505, 40, '2019-10-03', '13:11:05', '18:51:30', '2019-10-03', 'WR', '', 5.5, 'Offline', 1, 0, ''),
(506, 60, '2019-10-04', '14:04:44', '14:33:54', '2019-10-08', 'WR', '', 96, 'Offline', 1, 0, ''),
(507, 40, '2019-10-02', '10:11:05', '16:51:30', '2019-10-02', 'WR', '', 6.5, 'Offline', 1, 0, ''),
(508, 40, '2019-10-04', '10:11:05', '11:55:30', '2019-10-04', 'WR', '', 1.5, 'Offline', 1, 0, ''),
(509, 40, '2019-10-04', '13:05:05', '14:02:30', '2019-10-04', 'Office', '', 0.5, 'Offline', 2, 0, ''),
(510, 59, '2019-10-04', '16:12:54', '23:42:36', '2019-10-04', 'Office', '', 7.5, 'Offline', 1, 0, ''),
(511, 40, '2019-10-05', '22:12:17', '14:37:41', '2019-10-08', 'WR', '', 64, 'Offline', 1, 0, ''),
(512, 59, '2019-10-07', '10:00:05', '21:30:12', '2019-10-07', 'WR', '', 11.5, 'Offline', 1, 0, ''),
(513, 60, '2019-10-08', '14:36:55', '18:21:21', '2019-10-09', 'Office', '', 27.5, 'Offline', 1, 0, ''),
(514, 40, '2019-10-08', '06:03:24', '07:35:22', '2019-10-08', 'WR', '', 1.5, 'Offline', 1, 0, ''),
(515, 40, '2019-10-08', '13:33:24', '14:10:22', '2019-10-08', 'Office', '', 0.5, 'Offline', 2, 0, ''),
(516, 60, '2019-10-18', '17:51:43', '10:24:57', '2019-10-20', 'WR', '', 40.5, 'Offline', 1, 0, ''),
(517, 58, '2019-10-20', '10:15:18', '15:23:42', '2019-10-23', 'WR', '', 77, 'Offline', 1, 0, ''),
(518, 60, '2019-10-20', '10:25:01', '18:55:55', '2019-10-20', 'WR', '', 8.5, 'Offline', 1, 0, ''),
(519, 59, '2019-10-08', '13:00:05', '22:30:55', '2019-10-08', 'WR', '', 9.5, 'Offline', 1, 0, ''),
(520, 59, '2019-10-09', '12:18:28', '22:45:13', '2019-10-09', 'Office', '', 10.5, 'Offline', 1, 0, ''),
(521, 59, '2019-10-10', '13:00:05', '22:30:55', '2019-10-10', 'WR', '', 9.5, 'Offline', 1, 0, ''),
(522, 59, '2019-10-11', '12:18:28', '22:45:13', '2019-10-11', 'Office', '', 10.5, 'Offline', 1, 0, ''),
(523, 59, '2019-10-14', '13:00:05', '22:30:55', '2019-10-14', 'WR', '', 9.5, 'Offline', 1, 0, ''),
(524, 59, '2019-10-15', '12:18:28', '22:45:13', '2019-10-15', 'Office', '', 10.5, 'Offline', 1, 0, ''),
(525, 59, '2019-10-16', '10:00:05', '12:30:30', '2019-10-16', 'WR', '', 2.5, 'Offline', 1, 0, ''),
(526, 59, '2019-10-16', '13:00:00', '14:30:22', '2019-10-16', 'Office', '', 1.5, 'Offline', 2, 0, ''),
(527, 59, '2019-10-17', '10:00:05', '13:30:30', '2019-10-17', 'WR', '', 3.5, 'Offline', 1, 0, ''),
(528, 59, '2019-10-17', '14:00:00', '14:30:22', '2019-10-17', 'Office', '', 0.5, 'Offline', 2, 0, ''),
(529, 59, '2019-10-18', '10:00:05', '14:30:30', '2019-10-18', 'WR', '', 4.5, 'Offline', 1, 0, ''),
(530, 59, '2019-10-18', '16:00:00', '22:30:22', '2019-10-18', 'Office', '', 6.5, 'Offline', 2, 0, ''),
(531, 59, '2019-10-21', '10:00:05', '18:30:30', '2019-10-21', 'Office', '', 8.5, 'Offline', 1, 0, ''),
(532, 59, '2019-10-22', '13:00:00', '22:30:22', '2019-10-22', 'Office', '', 9.5, 'Offline', 1, 0, ''),
(533, 59, '2019-10-23', '15:00:05', '18:30:30', '2019-10-23', 'Office', '', 3.5, 'Offline', 1, 0, ''),
(534, 59, '2019-10-23', '20:00:00', '23:30:23', '2019-10-22', 'WR', '', 3.5, 'Offline', 2, 1, ''),
(535, 60, '2019-10-23', '05:05:05', '10:39:30', '2019-10-23', 'WR', '', 5.5, 'Offline', 1, 0, ''),
(536, 60, '2019-10-23', '12:33:33', '13:55:22', '2019-10-23', 'Office', '', 1, 'Offline', 2, 0, ''),
(537, 40, '2019-10-24', '05:05:05', '10:39:30', '2019-10-24', 'WR', '', 5.5, 'Offline', 1, 0, ''),
(538, 40, '2019-10-24', '12:33:33', '13:55:22', '2019-10-24', 'Office', '', 1, 'Offline', 2, 0, ''),
(543, 59, '2019-10-24', '13:50:46', '10:40:40', '2019-11-12', 'WR', '', 452.5, 'Offline', 1, 0, ''),
(545, 59, '2019-10-20', '02:00:00', '12:00:00', '2019-10-20', 'WR', '', 10, 'Offline', 1, 0, ''),
(546, 59, '2019-10-27', '02:00:00', '12:00:00', '2019-10-27', 'WR', '', 10, 'Offline', 1, 0, ''),
(548, 41, '2019-10-24', '22:38:48', '13:35:20', '2019-10-30', 'WR', '', 9, 'Offline', 1, 1, ''),
(549, 41, '2019-10-30', '12:35:23', '14:55:17', '2019-11-05', 'WR', '', 146, 'Offline', 1, 0, ''),
(550, 40, '2019-10-30', '16:43:00', '20:04:26', '2019-11-14', 'WR', NULL, 363, 'Offline', 1, NULL, NULL),
(551, 41, '2019-11-05', '14:55:22', '18:31:13', '2019-11-05', 'WR', NULL, NULL, 'Offline', 1, NULL, NULL),
(552, 58, '2019-11-05', '15:19:24', '16:55:17', '2019-11-05', 'WR', NULL, NULL, 'Offline', 1, NULL, NULL),
(553, 41, '2019-11-05', '18:31:18', '21:21:09', '2019-11-07', 'WR', NULL, NULL, 'Offline', 2, NULL, NULL),
(554, 41, '2019-11-07', '21:21:19', '02:52:44', '2019-11-08', 'WR', NULL, NULL, 'Offline', 1, NULL, NULL),
(555, 41, '2019-11-08', '02:52:50', '04:07:47', '2019-11-08', 'WR', NULL, 1, 'Offline', 1, 1, NULL),
(556, 41, '2019-11-08', '03:06:58', '11:08:21', '2019-11-08', 'WR', NULL, NULL, 'Offline', 2, NULL, NULL),
(557, 41, '2019-11-08', '11:08:25', '10:40:58', '2019-11-12', 'WR', NULL, NULL, 'Offline', 3, NULL, NULL),
(558, 59, '2019-11-12', '10:40:43', '16:45:37', '2019-11-14', 'WR', NULL, 54, 'Offline', 1, NULL, NULL),
(559, 41, '2019-11-12', '10:41:07', '11:13:09', '2019-11-12', 'WR', NULL, NULL, 'Offline', 1, NULL, NULL),
(560, 41, '2019-11-12', '11:16:14', '16:55:44', '2019-11-13', 'WR', NULL, NULL, 'Offline', 2, NULL, NULL),
(561, 45, '2019-11-13', '16:54:57', NULL, NULL, 'WR', NULL, NULL, 'Online', 1, NULL, NULL),
(562, 41, '2019-11-13', '16:56:00', '18:52:25', '2019-11-13', 'WR', NULL, NULL, 'Offline', 1, NULL, NULL),
(563, 41, '2019-11-14', '06:37:20', '08:18:06', '2019-11-14', 'WR', NULL, 0.5, 'Offline', 1, NULL, NULL),
(564, 41, '2019-11-14', '08:18:12', '08:50:10', '2019-11-14', 'WR', NULL, 0.5, 'Offline', 2, NULL, NULL),
(565, 59, '2019-11-14', '16:44:57', '04:56:12', '2019-11-22', 'WR', NULL, 180, 'Offline', 1, NULL, NULL),
(566, 41, '2019-11-14', '15:46:53', '16:50:44', '2019-11-14', 'WR', NULL, 1, 'Offline', 3, 2, NULL),
(567, 40, '2019-11-14', '20:04:30', '05:00:04', '2019-11-22', 'WR', NULL, 176.5, 'Offline', 1, NULL, NULL),
(568, 59, '2019-11-04', '11:00:00', '21:00:00', '2019-11-04', 'WR', NULL, 10, 'Offline', 1, 0, NULL),
(569, 59, '2019-11-10', '11:00:00', '21:00:00', '2019-11-10', 'WR', NULL, 10, 'Offline', 1, 0, NULL),
(570, 41, '2019-11-15', '10:17:33', '10:17:37', '2019-11-15', 'WR', NULL, NULL, 'Offline', 1, NULL, NULL),
(571, 41, '2019-11-15', '11:22:12', '11:22:15', '2019-11-15', 'WR', NULL, NULL, 'Offline', 2, NULL, NULL),
(572, 41, '2019-11-15', '11:22:19', '11:22:23', '2019-11-15', 'WR', NULL, NULL, 'Offline', 3, NULL, NULL),
(573, 41, '2019-11-21', '11:04:01', '11:04:06', '2019-11-21', 'WR', NULL, NULL, 'Offline', 1, NULL, NULL),
(574, 41, '2019-11-21', '11:04:17', '08:24:34', '2019-12-09', 'WR', NULL, 429, 'Offline', 2, NULL, NULL),
(575, 59, '2019-11-22', '04:56:19', '04:56:27', '2019-11-22', 'WR', NULL, NULL, 'Offline', 1, NULL, NULL),
(576, 59, '2019-11-22', '04:56:33', '06:39:11', '2019-12-09', 'WR', NULL, 0.5, 'Offline', 2, NULL, NULL),
(577, 40, '2019-11-22', '05:00:10', '05:26:55', '2019-11-22', 'WR', NULL, NULL, 'Offline', 1, NULL, NULL),
(578, 59, '2019-11-17', '15:00:00', '19:00:00', '2019-11-17', 'WR', NULL, 4, 'Offline', 1, 1, NULL),
(579, 40, '2019-11-23', '08:15:01', '08:16:03', '2019-11-23', 'WR', NULL, NULL, 'Offline', 1, NULL, NULL),
(580, 59, '2019-12-09', '06:39:16', '07:29:13', '2019-12-09', 'WR', NULL, 0.5, 'Offline', 1, NULL, NULL),
(581, 41, '2019-12-09', '08:24:36', NULL, NULL, 'Office', NULL, 5.5, 'Online', 1, 1, NULL),
(582, 59, '2019-12-09', '08:25:20', '08:25:25', '2019-12-09', 'WR', NULL, NULL, 'Offline', 2, NULL, NULL),
(583, 59, '2019-12-09', '08:25:31', '08:26:37', '2019-12-09', 'WR', NULL, NULL, 'Offline', 3, NULL, NULL),
(584, 40, '2019-12-18', '07:44:19', '07:44:26', '2019-12-18', 'WR', NULL, NULL, 'Offline', 1, NULL, NULL),
(585, 59, '2020-04-29', '10:48:21', NULL, NULL, 'WR', NULL, NULL, 'Online', 1, NULL, NULL),
(586, 65, '2020-10-07', '13:13:01', '14:02:11', '2020-10-07', 'WR', NULL, 0.5, 'Offline', 1, NULL, NULL),
(588, 65, '2020-10-07', '03:48:28', '04:29:57', '2020-10-07', 'WR', NULL, 0.5, 'Offline', 2, NULL, NULL),
(589, 64, '2020-10-07', '05:34:49', '06:41:00', '2020-10-07', 'WR', NULL, 0, 'Offline', 1, NULL, NULL),
(590, 64, '2020-10-07', '18:11:11', '18:11:20', '2020-10-07', 'WR', NULL, 0, 'Offline', 1, NULL, NULL),
(591, 66, '2020-10-07', '18:17:46', '18:59:55', '2020-10-07', 'WR', NULL, 0.5, 'Offline', 1, NULL, NULL),
(592, 66, '2020-10-07', '19:01:58', '20:28:32', '2020-10-07', 'WR', NULL, 1, 'Offline', 2, NULL, NULL),
(593, 66, '2020-10-07', '20:30:35', '21:43:47', '2020-10-07', 'WR', NULL, 0.5, 'Offline', 3, NULL, NULL),
(594, 66, '2020-10-07', '22:08:49', '22:39:04', '2020-10-07', 'WR', NULL, 0.5, 'Offline', 4, NULL, NULL),
(595, 66, '2020-10-07', '22:50:08', '23:05:20', '2020-10-07', 'WR', NULL, 0.25, 'Offline', 5, NULL, NULL),
(596, 66, '2020-10-07', '23:13:32', '23:20:34', '2020-10-07', 'WR', NULL, 0.11666666666667, 'Offline', 6, NULL, NULL),
(597, 66, '2020-10-07', '23:24:50', '23:37:04', '2020-10-07', 'WR', NULL, 0.2, 'Offline', 7, NULL, NULL),
(598, 66, '2020-10-07', '23:49:58', '00:10:49', '2020-10-08', 'WR', NULL, 0.33333333333333, 'Offline', 8, NULL, NULL),
(599, 66, '2020-10-08', '00:13:25', '07:52:31', '2020-10-08', 'WR', NULL, 7.65, 'Offline', 1, NULL, NULL),
(600, 66, '2020-10-08', '08:57:52', '09:05:28', '2020-10-08', 'WR', NULL, 0.12, 'Offline', 2, NULL, NULL),
(601, 66, '2020-10-08', '09:09:49', '09:56:15', '2020-10-08', 'WR', NULL, 0.77, 'Offline', 3, NULL, NULL);

-- --------------------------------------------------------

--
-- Table structure for table `tbl_attendancedetails`
--

CREATE TABLE `tbl_attendancedetails` (
  `attendanceDetails_ID` int(11) NOT NULL,
  `attendanceDetails_maxtimein` int(11) NOT NULL,
  `attendanceDetails_defaultLimit` text NOT NULL
) ENGINE=InnoDB DEFAULT CHARSET=latin1;

--
-- Dumping data for table `tbl_attendancedetails`
--

INSERT INTO `tbl_attendancedetails` (`attendanceDetails_ID`, `attendanceDetails_maxtimein`, `attendanceDetails_defaultLimit`) VALUES
(1, 20, 'default');

-- --------------------------------------------------------

--
-- Table structure for table `tbl_attendancemodification`
--

CREATE TABLE `tbl_attendancemodification` (
  `attendanceModification_ID` int(11) NOT NULL,
  `attendanceID` int(11) NOT NULL,
  `attendanceModification_timesModified` int(11) NOT NULL,
  `attendanceModification_activity` varchar(255) NOT NULL,
  `attendanceModification_fromValue` varchar(255) NOT NULL,
  `attendanceModification_toValue` varchar(255) NOT NULL,
  `attendanceModification_modificationDate` date DEFAULT NULL,
  `attendanceModification_modificationTime` time NOT NULL,
  `attendanceModification_updatedBy` varchar(255) NOT NULL
) ENGINE=MyISAM DEFAULT CHARSET=latin1;

--
-- Dumping data for table `tbl_attendancemodification`
--

INSERT INTO `tbl_attendancemodification` (`attendanceModification_ID`, `attendanceID`, `attendanceModification_timesModified`, `attendanceModification_activity`, `attendanceModification_fromValue`, `attendanceModification_toValue`, `attendanceModification_modificationDate`, `attendanceModification_modificationTime`, `attendanceModification_updatedBy`) VALUES
(21, 321, 8, 'Time-in Update', '12:06:42', '22:06:42', '2019-08-19', '00:00:00', 'Ivan Christian Caliao'),
(20, 321, 7, 'Time-in Update', '23:06:42', '12:06:42', '2019-08-19', '00:00:00', 'Ivan Christian Caliao'),
(19, 321, 6, 'Time-in Update', '22:06:42', '23:06:42', '2019-08-19', '00:00:00', 'Ivan Christian Caliao'),
(18, 321, 5, 'Location Update', 'WR', 'Office', '2019-08-19', '00:00:00', 'Ivan Christian Caliao'),
(17, 321, 5, 'Location Update', 'WR', 'Office', '2019-08-19', '00:00:00', 'Ivan Christian Caliao'),
(16, 321, 5, 'Location Update', 'WR', 'Office', '2019-08-19', '00:00:00', 'Ivan Christian Caliao'),
(15, 321, 5, 'Location Update', 'WR', 'Office', '2019-08-19', '00:00:00', 'Ivan Christian Caliao'),
(14, 321, 4, 'Time-Out Update', '22:37:37', '23:37:37', '2019-08-19', '00:00:00', 'Ivan Christian Caliao'),
(13, 321, 3, 'Time-in Update', '21:06:42', '22:06:42', '2019-08-19', '00:00:00', 'Ivan Christian Caliao'),
(11, 321, 1, 'Time-in Update', '19:06:42', '21:06:42', '2019-08-19', '00:00:00', 'Ivan Christian Caliao'),
(12, 321, 2, 'Time-Out Update', '20:37:37', '22:37:37', '2019-08-19', '00:00:00', 'Ivan Christian Caliao'),
(22, 55, 1, 'Time-in Update', '11:29:00', '00:29', '2019-08-19', '00:00:00', 'Ivan Christian Caliao'),
(23, 55, 2, 'Time-Out Update', '00:00:00', '01:00', '2019-08-19', '00:00:00', 'Ivan Christian Caliao'),
(24, 55, 3, 'Location Update', '', 'Office', '2019-08-19', '00:00:00', 'Ivan Christian Caliao'),
(25, 321, 9, 'Location Update', 'Office', 'WR', '2019-08-19', '00:00:00', 'Ivan Christian Caliao'),
(26, 331, 1, 'Location Update', 'WR', 'Office', '2019-08-20', '00:00:00', 'Ivan Christian Caliao'),
(27, 331, 2, 'Time-in Update', '09:31:06', '09:32:06', '2019-08-20', '00:00:00', 'Ivan Christian Caliao'),
(28, 331, 3, 'Location Update', 'Office', 'WR', '2019-08-20', '00:00:00', 'Ivan Christian Caliao'),
(29, 331, 4, 'VOID', '', '', '2019-08-20', '00:00:00', 'Ivan Christian Caliao'),
(30, 331, 4, 'VOID', '', '', '2019-08-20', '00:00:00', 'Ivan Christian Caliao'),
(31, 321, 10, 'VOID', '', '', '2019-08-20', '00:00:00', 'Ivan Christian Caliao'),
(32, 333, 1, 'Location Update', 'Office', 'WR', '2019-08-20', '00:00:00', 'Jolissa Malapitan'),
(33, 333, 2, 'Location Update', 'WR', 'Office', '2019-08-20', '00:00:00', 'Jolissa Malapitan'),
(34, 333, 3, 'VOID', '', '', '2019-08-20', '00:00:00', 'Jolissa Malapitan'),
(35, 331, 4, 'Location Update', 'WR', 'Office', '2019-08-20', '00:00:00', 'Ivan Christian Caliao'),
(36, 307, 1, 'Time-Out Update', '20:38:30', '22:38:30', '2019-08-20', '00:00:00', 'Jane De Leon'),
(37, 307, 2, 'Time-Out Update', '22:38:30', '20:38:30', '2019-08-20', '00:00:00', 'Jane De Leon'),
(38, 331, 5, 'VOID', '', '', '2019-08-20', '00:00:00', 'Ivan Christian Caliao'),
(39, 331, 5, 'Location Update', 'WR', 'Office', '2019-08-20', '00:00:00', 'Jolissa Malapitan'),
(40, 348, 1, 'Time-in Update', '13:30:00', '13:30', '2019-08-20', '00:00:00', 'Ivan Christian Caliao'),
(41, 348, 2, 'Location Update', 'WR', 'Office', '2019-08-20', '00:00:00', 'Ivan Christian Caliao'),
(42, 348, 3, 'Location Update', 'Office', 'WR', '2019-08-20', '00:00:00', 'Ivan Christian Caliao'),
(43, 353, 1, 'Time-in Update', '17:44:28', '17:00:28', '2019-08-20', '00:00:00', 'Jane De Leon'),
(44, 353, 2, 'VOID', '', '', '2019-08-20', '00:00:00', 'Jane De Leon'),
(45, 311, 1, 'Time-in Update', '10:55:40', '11:55:40', '2019-08-21', '00:00:00', 'Ivan Christian Caliao'),
(46, 311, 2, 'Location Update', 'WR', 'Office', '2019-08-21', '00:00:00', 'Ivan Christian Caliao'),
(47, 325, 1, 'Location Update', 'Office', 'WR', '2019-08-21', '00:00:00', 'Jolissa Malapitan'),
(48, 311, 3, 'VOID', '', '', '2019-08-21', '00:00:00', 'Ivan Christian Caliao'),
(49, 347, 1, 'VOID', '', '', '2019-08-21', '00:00:00', 'Ivan Christian Caliao'),
(50, 344, 1, 'Time-in Update', '12:00:00', '12:01', '2019-08-21', '00:00:00', 'Ivan Christian Caliao'),
(51, 344, 2, 'Time-in Update', '12:01:00', '12:00', '2019-08-21', '00:00:00', 'Ivan Christian Caliao'),
(52, 347, 1, 'Location Update', 'WR', 'Office', '2019-08-21', '00:00:00', 'Ivan Christian Caliao'),
(53, 355, 1, 'Location Update', 'WR', 'Office', '2019-08-21', '00:00:00', 'Ivan Christian Caliao'),
(54, 355, 2, 'Location Update', 'WR', 'Office', '2019-08-21', '00:00:00', 'Ivan Christian Caliao'),
(55, 347, 2, 'Time-in Update', '12:00:00', '12:01', '2019-08-21', '00:00:00', 'Ivan Christian Caliao'),
(56, 355, 3, 'Location Update', 'Office', 'WR', '2019-08-21', '00:00:00', 'Ivan Christian Caliao'),
(57, 358, 1, 'Location Update', 'WR', 'Office', '2019-08-21', '00:00:00', 'Ivan Christian Caliao'),
(58, 358, 2, 'Location Update', 'Office', 'WR', '2019-08-21', '00:00:00', 'Ivan Christian Caliao'),
(59, 358, 3, 'Location Update', 'WR', 'Office', '2019-08-21', '00:00:00', 'Ivan Christian Caliao'),
(60, 355, 4, 'Location Update', 'WR', 'Office', '2019-08-21', '00:00:00', 'Ivan Christian Caliao'),
(61, 355, 5, 'Location Update', 'Office', 'WR', '2019-08-21', '00:00:00', 'Ivan Christian Caliao'),
(62, 358, 4, 'Location Update', 'Office', 'WR', '2019-08-21', '00:00:00', 'Ivan Christian Caliao'),
(63, 358, 5, 'Location Update', 'WR', 'Office', '2019-08-21', '00:00:00', 'Ivan Christian Caliao'),
(64, 358, 6, 'Location Update', 'Office', 'WR', '2019-08-21', '00:00:00', 'Ivan Christian Caliao'),
(65, 355, 6, 'Location Update', 'WR', 'Office', '2019-08-21', '00:00:00', 'Ivan Christian Caliao'),
(66, 348, 4, 'Time-in Update', '13:30:00', '14:30', '2019-08-21', '00:00:00', 'Ivan Christian Caliao'),
(67, 348, 5, 'Time-Out Update', '15:00:00', '15:30', '2019-08-21', '00:00:00', 'Ivan Christian Caliao'),
(68, 348, 6, 'Location Update', 'WR', 'Office', '2019-08-21', '00:00:00', 'Ivan Christian Caliao'),
(69, 321, 10, 'Location Update', 'WR', 'Office', '2019-08-21', '00:00:00', 'Ivan Christian Caliao'),
(70, 358, 7, 'Location Update', 'WR', 'Office', '2019-08-21', '00:00:00', 'Ivan Christian Caliao'),
(71, 355, 7, 'Location Update', 'Office', 'WR', '2019-08-21', '00:00:00', 'Ivan Christian Caliao'),
(72, 348, 7, 'Location Update', 'Office', 'WR', '2019-08-21', '00:00:00', 'Ivan Christian Caliao'),
(73, 355, 8, 'Location Update', 'WR', 'Office', '2019-08-21', '00:00:00', 'Ivan Christian Caliao'),
(74, 348, 8, 'Time-in Update', '14:30:00', '14:34', '2019-08-21', '00:00:00', 'Ivan Christian Caliao'),
(75, 348, 9, 'Location Update', 'WR', 'Office', '2019-08-22', '00:00:00', 'Ivan Christian Caliao'),
(76, 347, 3, 'VOID', '', '', '2019-08-22', '00:00:00', 'Ivan Christian Caliao'),
(77, 348, 10, 'Location Update', 'Office', 'WR', '2019-08-22', '00:00:00', 'Ivan Christian Caliao'),
(78, 358, 8, 'Location Update', 'WR', 'Office', '2019-08-22', '00:00:00', 'Ivan Christian Caliao'),
(79, 348, 11, 'VOID', '', '', '2019-08-22', '00:00:00', 'Ivan Christian Caliao'),
(80, 348, 11, 'VOID', '', '', '2019-08-22', '00:00:00', 'Ivan Christian Caliao'),
(81, 355, 9, 'Time-in Update', '16:30:36', '16:00:36', '2019-08-22', '00:00:00', 'Ivan Christian Caliao'),
(82, 189, 1, 'Location Update', 'WR', 'Office', '2019-08-22', '00:00:00', 'Ivan Christian Caliao'),
(83, 189, 2, 'Time-in Update', '04:03:50', '04:10:50', '2019-08-22', '00:00:00', 'Ivan Christian Caliao'),
(84, 55, 4, 'VOID', '', '', '2019-08-22', '00:00:00', 'Ivan Christian Caliao'),
(85, 355, 10, 'Location Update', 'Office', 'WR', '2019-08-22', '19:16:41', 'Ivan Christian Caliao'),
(86, 355, 11, 'VOID', '', '', '2019-08-22', '00:00:00', 'Ivan Christian Caliao'),
(87, 358, 9, 'Time-in Update', '17:39:49', '17:30:49', '2019-08-22', '19:23:02', 'Ivan Christian Caliao'),
(88, 358, 10, 'Time-Out Update', '01:14:14', '01:00:14', '2019-08-22', '19:23:21', 'Ivan Christian Caliao'),
(89, 358, 11, 'VOID', '', '', '2019-08-22', '19:23:31', 'Ivan Christian Caliao'),
(90, 361, 1, 'Location Update', 'WR', 'Office', '2019-08-22', '19:23:50', 'Ivan Christian Caliao'),
(91, 361, 2, 'Location Update', 'Office', 'WR', '2019-08-22', '19:26:40', 'Ivan Christian Caliao'),
(92, 304, 1, 'Location Update', 'WR', 'Office', '2019-08-23', '03:41:03', 'Ivan Christian Caliao'),
(93, 342, 1, 'Time-Out Update', '22:35:12', '22:36:12', '2019-08-23', '13:07:22', 'J Malapitan'),
(94, 341, 1, 'Time-Out Update', '21:30:12', '21:31:12', '2019-08-23', '13:07:59', 'J Malapitan'),
(95, 212, 1, 'VOID', '', '', '2019-08-23', '14:05:37', 'Jolissa Malapitan'),
(96, 213, 1, 'VOID', '', '', '2019-08-23', '14:05:52', 'Jolissa Malapitan'),
(97, 357, 1, 'VOID', '', '', '2019-08-23', '14:06:14', 'Jane De Leon'),
(98, 170, 1, 'Time-Out Update', '00:55:49', '00:56:49', '2019-08-23', '14:22:05', 'Ivan Christian Caliao'),
(99, 302, 1, 'VOID', '', '', '2019-08-23', '14:57:45', 'Jolissa Malapitan'),
(100, 314, 1, 'VOID', '', '', '2019-08-23', '14:58:09', 'Jolissa Malapitan'),
(101, 293, 1, 'Time-Out Update', '07:08:16', '09:08:16', '2019-08-23', '14:59:40', 'Jane De Leon'),
(102, 293, 2, 'Time-Out Update', '09:08:16', '07:08:16', '2019-08-23', '15:00:06', 'Jane De Leon'),
(103, 290, 1, 'VOID', '', '', '2019-08-23', '15:00:38', 'Jane De Leon'),
(104, 361, 3, 'VOID', '', '', '2019-08-23', '15:04:42', 'Ivan Christian Caliao'),
(105, 264, 1, 'VOID', '', '', '2019-08-23', '15:07:39', 'Ivan Christian Caliao'),
(106, 293, 3, 'VOID', '', '', '2019-08-23', '15:07:48', 'Ivan Christian Caliao'),
(107, 259, 1, 'VOID', '', '', '2019-08-23', '15:30:49', 'Ivan Christian Caliao'),
(108, 84, 1, 'VOID', '', '', '2019-08-23', '15:39:35', 'Jolissa Malapitan'),
(109, 289, 1, 'VOID', '', '', '2019-08-23', '16:48:47', 'Ivan Christian Caliao'),
(110, 282, 1, 'VOID', '', '', '2019-08-23', '16:48:59', 'Ivan Christian Caliao'),
(111, 72, 1, 'VOID', '', '', '2019-08-23', '17:04:25', 'Ivan Christian Caliao'),
(112, 272, 1, 'Time-in Update', '19:35:54', '20:35:54', '2019-08-27', '08:44:41', 'Ivan Christian Caliao'),
(113, 73, 1, 'VOID', '', '', '2019-08-27', '13:50:02', 'Jolissa Malapitan'),
(114, 393, 0, '', '', '', NULL, '00:00:00', ''),
(115, 356, 1, 'VOID', '', '', '2019-08-27', '14:04:36', 'Jolissa Malapitan'),
(116, 394, 0, 'Entry Added', '', '', '2019-08-27', '00:00:00', 'Ivan Christian Caliao'),
(117, 356, 1, 'VOID', '', '', '2019-08-27', '14:07:22', 'Jolissa Malapitan'),
(118, 356, 1, 'VOID', '', '', '2019-08-27', '14:07:30', 'Jolissa Malapitan'),
(119, 395, 0, 'Entry Added', '', '', '2019-08-27', '00:00:00', 'Jolissa Malapitan'),
(120, 396, 0, 'Entry Added', '', '', '2019-08-27', '00:00:00', 'Jolissa Malapitan'),
(121, 397, 0, 'Entry Added', '', '', '2019-08-27', '00:00:00', 'Jolissa Malapitan'),
(122, 57, 1, 'Time-Out Update', '00:00:00', '01:00', '2019-08-27', '14:21:18', 'Jolissa Malapitan'),
(123, 57, 2, 'Location Update', '', 'WR', '2019-08-27', '14:21:18', 'Jolissa Malapitan'),
(124, 399, 1, 'Location Update', 'WR', 'Office', '2019-08-27', '14:23:21', 'Ivan Christian Caliao'),
(125, 57, 3, 'Time-in Update', '15:32:41', '18:32:41', '2019-08-27', '14:26:33', 'Jolissa Malapitan'),
(126, 401, 1, 'VOID', '', '', '2019-08-27', '14:34:54', 'Ivan Christian Caliao'),
(127, 365, 1, 'Time-Out Update', '13:04:10', '13:05:10', '2019-08-27', '14:39:51', 'Jolissa Malapitan'),
(128, 237, 1, 'Time-Out Update', '21:20:00', '22:20', '2019-08-27', '14:40:31', 'Jolissa Malapitan'),
(129, 237, 2, 'Time-Out Update', '22:20:00', '21:20', '2019-08-27', '14:41:07', 'Jolissa Malapitan'),
(130, 265, 1, 'VOID', '', '', '2019-08-27', '14:44:40', 'Jolissa Malapitan'),
(131, 225, 3, 'VOID', '', '', '2019-08-27', '14:46:12', 'Jolissa Malapitan'),
(132, 402, 1, 'Location Update', 'WR', 'Office', '2019-08-27', '14:48:38', 'Ivan Christian Caliao'),
(133, 214, 3, 'VOID', '', '', '2019-08-27', '14:50:34', 'Jolissa Malapitan'),
(134, 433, 0, 'Entry Added', '', '', '2019-08-27', '00:00:00', 'Ivan Christian Caliao'),
(135, 435, 0, 'Entry Added', '', '', '2019-08-27', '00:00:00', 'Jane De Leon'),
(136, 229, 1, 'Time-Out Update', '20:00:00', '20:05', '2019-08-27', '16:34:52', 'Jane De Leon'),
(137, 436, 1, 'VOID', '', '', '2019-08-27', '16:38:12', 'Jane De Leon'),
(138, 388, 1, 'VOID', '', '', '2019-08-27', '16:38:59', 'Jane De Leon'),
(139, 437, 0, 'Entry Added', '', '', '2019-08-27', '00:00:00', 'Jolissa Malapitan'),
(140, 376, 1, 'Time-Out Update', '16:10:30', '16:09:30', '2019-08-29', '09:31:43', 'Jolissa Malapitan'),
(141, 196, 1, 'Time-Out Update', '23:28:27', '12:28:27', '2019-08-29', '11:59:51', 'Ivan Christian Caliao'),
(149, 342, 2, 'Time-Out Update', '22:36:12', '23:49', '2019-09-02', '07:06:34', 'Jolissa Malapitan'),
(148, 384, 6, 'Location Update', 'Office', 'WR', '2019-08-30', '11:16:12', 'Ivan Christian Caliao'),
(147, 384, 5, 'Time-in Update', '10:51:04', '11:51:04', '2019-08-30', '02:38:05', 'Ivan Christian Caliao'),
(146, 383, 1, 'VOID', '', '', '2019-08-30', '08:52:35', 'Ivan Christian Caliao'),
(150, 376, 2, 'Time-Out Update', '16:09:30', '16:10:30', '2019-09-04', '08:59:05', 'Jolissa Malapitan'),
(151, 445, 1, 'Time-Out Update', '12:53:15', '17:00:15', '2019-09-05', '14:12:31', 'J Malapitan'),
(152, 450, 0, 'Entry Added', '', '', '2019-09-05', '00:00:00', 'Jolissa Malapitan'),
(21, 321, 8, 'Time-in Update', '12:06:42', '22:06:42', '2019-08-19', '00:00:00', 'Ivan Christian Caliao'),
(20, 321, 7, 'Time-in Update', '23:06:42', '12:06:42', '2019-08-19', '00:00:00', 'Ivan Christian Caliao'),
(19, 321, 6, 'Time-in Update', '22:06:42', '23:06:42', '2019-08-19', '00:00:00', 'Ivan Christian Caliao'),
(18, 321, 5, 'Location Update', 'WR', 'Office', '2019-08-19', '00:00:00', 'Ivan Christian Caliao'),
(17, 321, 5, 'Location Update', 'WR', 'Office', '2019-08-19', '00:00:00', 'Ivan Christian Caliao'),
(16, 321, 5, 'Location Update', 'WR', 'Office', '2019-08-19', '00:00:00', 'Ivan Christian Caliao'),
(15, 321, 5, 'Location Update', 'WR', 'Office', '2019-08-19', '00:00:00', 'Ivan Christian Caliao'),
(14, 321, 4, 'Time-Out Update', '22:37:37', '23:37:37', '2019-08-19', '00:00:00', 'Ivan Christian Caliao'),
(13, 321, 3, 'Time-in Update', '21:06:42', '22:06:42', '2019-08-19', '00:00:00', 'Ivan Christian Caliao'),
(11, 321, 1, 'Time-in Update', '19:06:42', '21:06:42', '2019-08-19', '00:00:00', 'Ivan Christian Caliao'),
(12, 321, 2, 'Time-Out Update', '20:37:37', '22:37:37', '2019-08-19', '00:00:00', 'Ivan Christian Caliao'),
(22, 55, 1, 'Time-in Update', '11:29:00', '00:29', '2019-08-19', '00:00:00', 'Ivan Christian Caliao'),
(23, 55, 2, 'Time-Out Update', '00:00:00', '01:00', '2019-08-19', '00:00:00', 'Ivan Christian Caliao'),
(24, 55, 3, 'Location Update', '', 'Office', '2019-08-19', '00:00:00', 'Ivan Christian Caliao'),
(25, 321, 9, 'Location Update', 'Office', 'WR', '2019-08-19', '00:00:00', 'Ivan Christian Caliao'),
(26, 331, 1, 'Location Update', 'WR', 'Office', '2019-08-20', '00:00:00', 'Ivan Christian Caliao'),
(27, 331, 2, 'Time-in Update', '09:31:06', '09:32:06', '2019-08-20', '00:00:00', 'Ivan Christian Caliao'),
(28, 331, 3, 'Location Update', 'Office', 'WR', '2019-08-20', '00:00:00', 'Ivan Christian Caliao'),
(29, 331, 4, 'VOID', '', '', '2019-08-20', '00:00:00', 'Ivan Christian Caliao'),
(30, 331, 4, 'VOID', '', '', '2019-08-20', '00:00:00', 'Ivan Christian Caliao'),
(31, 321, 10, 'VOID', '', '', '2019-08-20', '00:00:00', 'Ivan Christian Caliao'),
(32, 333, 1, 'Location Update', 'Office', 'WR', '2019-08-20', '00:00:00', 'Jolissa Malapitan'),
(33, 333, 2, 'Location Update', 'WR', 'Office', '2019-08-20', '00:00:00', 'Jolissa Malapitan'),
(34, 333, 3, 'VOID', '', '', '2019-08-20', '00:00:00', 'Jolissa Malapitan'),
(35, 331, 4, 'Location Update', 'WR', 'Office', '2019-08-20', '00:00:00', 'Ivan Christian Caliao'),
(36, 307, 1, 'Time-Out Update', '20:38:30', '22:38:30', '2019-08-20', '00:00:00', 'Jane De Leon'),
(37, 307, 2, 'Time-Out Update', '22:38:30', '20:38:30', '2019-08-20', '00:00:00', 'Jane De Leon'),
(38, 331, 5, 'VOID', '', '', '2019-08-20', '00:00:00', 'Ivan Christian Caliao'),
(39, 331, 5, 'Location Update', 'WR', 'Office', '2019-08-20', '00:00:00', 'Jolissa Malapitan'),
(40, 348, 1, 'Time-in Update', '13:30:00', '13:30', '2019-08-20', '00:00:00', 'Ivan Christian Caliao'),
(41, 348, 2, 'Location Update', 'WR', 'Office', '2019-08-20', '00:00:00', 'Ivan Christian Caliao'),
(42, 348, 3, 'Location Update', 'Office', 'WR', '2019-08-20', '00:00:00', 'Ivan Christian Caliao'),
(43, 353, 1, 'Time-in Update', '17:44:28', '17:00:28', '2019-08-20', '00:00:00', 'Jane De Leon'),
(44, 353, 2, 'VOID', '', '', '2019-08-20', '00:00:00', 'Jane De Leon'),
(45, 311, 1, 'Time-in Update', '10:55:40', '11:55:40', '2019-08-21', '00:00:00', 'Ivan Christian Caliao'),
(46, 311, 2, 'Location Update', 'WR', 'Office', '2019-08-21', '00:00:00', 'Ivan Christian Caliao'),
(47, 325, 1, 'Location Update', 'Office', 'WR', '2019-08-21', '00:00:00', 'Jolissa Malapitan'),
(48, 311, 3, 'VOID', '', '', '2019-08-21', '00:00:00', 'Ivan Christian Caliao'),
(49, 347, 1, 'VOID', '', '', '2019-08-21', '00:00:00', 'Ivan Christian Caliao'),
(50, 344, 1, 'Time-in Update', '12:00:00', '12:01', '2019-08-21', '00:00:00', 'Ivan Christian Caliao'),
(51, 344, 2, 'Time-in Update', '12:01:00', '12:00', '2019-08-21', '00:00:00', 'Ivan Christian Caliao'),
(52, 347, 1, 'Location Update', 'WR', 'Office', '2019-08-21', '00:00:00', 'Ivan Christian Caliao'),
(53, 355, 1, 'Location Update', 'WR', 'Office', '2019-08-21', '00:00:00', 'Ivan Christian Caliao'),
(54, 355, 2, 'Location Update', 'WR', 'Office', '2019-08-21', '00:00:00', 'Ivan Christian Caliao'),
(55, 347, 2, 'Time-in Update', '12:00:00', '12:01', '2019-08-21', '00:00:00', 'Ivan Christian Caliao'),
(56, 355, 3, 'Location Update', 'Office', 'WR', '2019-08-21', '00:00:00', 'Ivan Christian Caliao'),
(57, 358, 1, 'Location Update', 'WR', 'Office', '2019-08-21', '00:00:00', 'Ivan Christian Caliao'),
(58, 358, 2, 'Location Update', 'Office', 'WR', '2019-08-21', '00:00:00', 'Ivan Christian Caliao'),
(59, 358, 3, 'Location Update', 'WR', 'Office', '2019-08-21', '00:00:00', 'Ivan Christian Caliao'),
(60, 355, 4, 'Location Update', 'WR', 'Office', '2019-08-21', '00:00:00', 'Ivan Christian Caliao'),
(61, 355, 5, 'Location Update', 'Office', 'WR', '2019-08-21', '00:00:00', 'Ivan Christian Caliao'),
(62, 358, 4, 'Location Update', 'Office', 'WR', '2019-08-21', '00:00:00', 'Ivan Christian Caliao'),
(63, 358, 5, 'Location Update', 'WR', 'Office', '2019-08-21', '00:00:00', 'Ivan Christian Caliao'),
(64, 358, 6, 'Location Update', 'Office', 'WR', '2019-08-21', '00:00:00', 'Ivan Christian Caliao'),
(65, 355, 6, 'Location Update', 'WR', 'Office', '2019-08-21', '00:00:00', 'Ivan Christian Caliao'),
(66, 348, 4, 'Time-in Update', '13:30:00', '14:30', '2019-08-21', '00:00:00', 'Ivan Christian Caliao'),
(67, 348, 5, 'Time-Out Update', '15:00:00', '15:30', '2019-08-21', '00:00:00', 'Ivan Christian Caliao'),
(68, 348, 6, 'Location Update', 'WR', 'Office', '2019-08-21', '00:00:00', 'Ivan Christian Caliao'),
(69, 321, 10, 'Location Update', 'WR', 'Office', '2019-08-21', '00:00:00', 'Ivan Christian Caliao'),
(70, 358, 7, 'Location Update', 'WR', 'Office', '2019-08-21', '00:00:00', 'Ivan Christian Caliao'),
(71, 355, 7, 'Location Update', 'Office', 'WR', '2019-08-21', '00:00:00', 'Ivan Christian Caliao'),
(72, 348, 7, 'Location Update', 'Office', 'WR', '2019-08-21', '00:00:00', 'Ivan Christian Caliao'),
(73, 355, 8, 'Location Update', 'WR', 'Office', '2019-08-21', '00:00:00', 'Ivan Christian Caliao'),
(74, 348, 8, 'Time-in Update', '14:30:00', '14:34', '2019-08-21', '00:00:00', 'Ivan Christian Caliao'),
(75, 348, 9, 'Location Update', 'WR', 'Office', '2019-08-22', '00:00:00', 'Ivan Christian Caliao'),
(76, 347, 3, 'VOID', '', '', '2019-08-22', '00:00:00', 'Ivan Christian Caliao'),
(77, 348, 10, 'Location Update', 'Office', 'WR', '2019-08-22', '00:00:00', 'Ivan Christian Caliao'),
(78, 358, 8, 'Location Update', 'WR', 'Office', '2019-08-22', '00:00:00', 'Ivan Christian Caliao'),
(79, 348, 11, 'VOID', '', '', '2019-08-22', '00:00:00', 'Ivan Christian Caliao'),
(80, 348, 11, 'VOID', '', '', '2019-08-22', '00:00:00', 'Ivan Christian Caliao'),
(81, 355, 9, 'Time-in Update', '16:30:36', '16:00:36', '2019-08-22', '00:00:00', 'Ivan Christian Caliao'),
(82, 189, 1, 'Location Update', 'WR', 'Office', '2019-08-22', '00:00:00', 'Ivan Christian Caliao'),
(83, 189, 2, 'Time-in Update', '04:03:50', '04:10:50', '2019-08-22', '00:00:00', 'Ivan Christian Caliao'),
(84, 55, 4, 'VOID', '', '', '2019-08-22', '00:00:00', 'Ivan Christian Caliao'),
(85, 355, 10, 'Location Update', 'Office', 'WR', '2019-08-22', '19:16:41', 'Ivan Christian Caliao'),
(86, 355, 11, 'VOID', '', '', '2019-08-22', '00:00:00', 'Ivan Christian Caliao'),
(87, 358, 9, 'Time-in Update', '17:39:49', '17:30:49', '2019-08-22', '19:23:02', 'Ivan Christian Caliao'),
(88, 358, 10, 'Time-Out Update', '01:14:14', '01:00:14', '2019-08-22', '19:23:21', 'Ivan Christian Caliao'),
(89, 358, 11, 'VOID', '', '', '2019-08-22', '19:23:31', 'Ivan Christian Caliao'),
(90, 361, 1, 'Location Update', 'WR', 'Office', '2019-08-22', '19:23:50', 'Ivan Christian Caliao'),
(91, 361, 2, 'Location Update', 'Office', 'WR', '2019-08-22', '19:26:40', 'Ivan Christian Caliao'),
(92, 304, 1, 'Location Update', 'WR', 'Office', '2019-08-23', '03:41:03', 'Ivan Christian Caliao'),
(93, 342, 1, 'Time-Out Update', '22:35:12', '22:36:12', '2019-08-23', '13:07:22', 'J Malapitan'),
(94, 341, 1, 'Time-Out Update', '21:30:12', '21:31:12', '2019-08-23', '13:07:59', 'J Malapitan'),
(95, 212, 1, 'VOID', '', '', '2019-08-23', '14:05:37', 'Jolissa Malapitan'),
(96, 213, 1, 'VOID', '', '', '2019-08-23', '14:05:52', 'Jolissa Malapitan'),
(97, 357, 1, 'VOID', '', '', '2019-08-23', '14:06:14', 'Jane De Leon'),
(98, 170, 1, 'Time-Out Update', '00:55:49', '00:56:49', '2019-08-23', '14:22:05', 'Ivan Christian Caliao'),
(99, 302, 1, 'VOID', '', '', '2019-08-23', '14:57:45', 'Jolissa Malapitan'),
(100, 314, 1, 'VOID', '', '', '2019-08-23', '14:58:09', 'Jolissa Malapitan'),
(101, 293, 1, 'Time-Out Update', '07:08:16', '09:08:16', '2019-08-23', '14:59:40', 'Jane De Leon'),
(102, 293, 2, 'Time-Out Update', '09:08:16', '07:08:16', '2019-08-23', '15:00:06', 'Jane De Leon'),
(103, 290, 1, 'VOID', '', '', '2019-08-23', '15:00:38', 'Jane De Leon'),
(104, 361, 3, 'VOID', '', '', '2019-08-23', '15:04:42', 'Ivan Christian Caliao'),
(105, 264, 1, 'VOID', '', '', '2019-08-23', '15:07:39', 'Ivan Christian Caliao'),
(106, 293, 3, 'VOID', '', '', '2019-08-23', '15:07:48', 'Ivan Christian Caliao'),
(107, 259, 1, 'VOID', '', '', '2019-08-23', '15:30:49', 'Ivan Christian Caliao'),
(108, 84, 1, 'VOID', '', '', '2019-08-23', '15:39:35', 'Jolissa Malapitan'),
(109, 289, 1, 'VOID', '', '', '2019-08-23', '16:48:47', 'Ivan Christian Caliao'),
(110, 282, 1, 'VOID', '', '', '2019-08-23', '16:48:59', 'Ivan Christian Caliao'),
(111, 72, 1, 'VOID', '', '', '2019-08-23', '17:04:25', 'Ivan Christian Caliao'),
(112, 272, 1, 'Time-in Update', '19:35:54', '20:35:54', '2019-08-27', '08:44:41', 'Ivan Christian Caliao'),
(113, 73, 1, 'VOID', '', '', '2019-08-27', '13:50:02', 'Jolissa Malapitan'),
(114, 393, 0, '', '', '', NULL, '00:00:00', ''),
(115, 356, 1, 'VOID', '', '', '2019-08-27', '14:04:36', 'Jolissa Malapitan'),
(116, 394, 0, 'Entry Added', '', '', '2019-08-27', '00:00:00', 'Ivan Christian Caliao'),
(117, 356, 1, 'VOID', '', '', '2019-08-27', '14:07:22', 'Jolissa Malapitan'),
(118, 356, 1, 'VOID', '', '', '2019-08-27', '14:07:30', 'Jolissa Malapitan'),
(119, 395, 0, 'Entry Added', '', '', '2019-08-27', '00:00:00', 'Jolissa Malapitan'),
(120, 396, 0, 'Entry Added', '', '', '2019-08-27', '00:00:00', 'Jolissa Malapitan'),
(121, 397, 0, 'Entry Added', '', '', '2019-08-27', '00:00:00', 'Jolissa Malapitan'),
(122, 57, 1, 'Time-Out Update', '00:00:00', '01:00', '2019-08-27', '14:21:18', 'Jolissa Malapitan'),
(123, 57, 2, 'Location Update', '', 'WR', '2019-08-27', '14:21:18', 'Jolissa Malapitan'),
(124, 399, 1, 'Location Update', 'WR', 'Office', '2019-08-27', '14:23:21', 'Ivan Christian Caliao'),
(125, 57, 3, 'Time-in Update', '15:32:41', '18:32:41', '2019-08-27', '14:26:33', 'Jolissa Malapitan'),
(126, 401, 1, 'VOID', '', '', '2019-08-27', '14:34:54', 'Ivan Christian Caliao'),
(127, 365, 1, 'Time-Out Update', '13:04:10', '13:05:10', '2019-08-27', '14:39:51', 'Jolissa Malapitan'),
(128, 237, 1, 'Time-Out Update', '21:20:00', '22:20', '2019-08-27', '14:40:31', 'Jolissa Malapitan'),
(129, 237, 2, 'Time-Out Update', '22:20:00', '21:20', '2019-08-27', '14:41:07', 'Jolissa Malapitan'),
(130, 265, 1, 'VOID', '', '', '2019-08-27', '14:44:40', 'Jolissa Malapitan'),
(131, 225, 3, 'VOID', '', '', '2019-08-27', '14:46:12', 'Jolissa Malapitan'),
(132, 402, 1, 'Location Update', 'WR', 'Office', '2019-08-27', '14:48:38', 'Ivan Christian Caliao'),
(133, 214, 3, 'VOID', '', '', '2019-08-27', '14:50:34', 'Jolissa Malapitan'),
(134, 433, 0, 'Entry Added', '', '', '2019-08-27', '00:00:00', 'Ivan Christian Caliao'),
(135, 435, 0, 'Entry Added', '', '', '2019-08-27', '00:00:00', 'Jane De Leon'),
(136, 229, 1, 'Time-Out Update', '20:00:00', '20:05', '2019-08-27', '16:34:52', 'Jane De Leon'),
(137, 436, 1, 'VOID', '', '', '2019-08-27', '16:38:12', 'Jane De Leon'),
(138, 388, 1, 'VOID', '', '', '2019-08-27', '16:38:59', 'Jane De Leon'),
(139, 437, 0, 'Entry Added', '', '', '2019-08-27', '00:00:00', 'Jolissa Malapitan'),
(140, 376, 1, 'Time-Out Update', '16:10:30', '16:09:30', '2019-08-29', '09:31:43', 'Jolissa Malapitan'),
(141, 196, 1, 'Time-Out Update', '23:28:27', '12:28:27', '2019-08-29', '11:59:51', 'Ivan Christian Caliao'),
(149, 342, 2, 'Time-Out Update', '22:36:12', '23:49', '2019-09-02', '07:06:34', 'Jolissa Malapitan'),
(148, 384, 6, 'Location Update', 'Office', 'WR', '2019-08-30', '11:16:12', 'Ivan Christian Caliao'),
(147, 384, 5, 'Time-in Update', '10:51:04', '11:51:04', '2019-08-30', '02:38:05', 'Ivan Christian Caliao'),
(146, 383, 1, 'VOID', '', '', '2019-08-30', '08:52:35', 'Ivan Christian Caliao'),
(150, 376, 2, 'Time-Out Update', '16:09:30', '16:10:30', '2019-09-04', '08:59:05', 'Jolissa Malapitan'),
(151, 445, 1, 'Time-Out Update', '12:53:15', '17:00:15', '2019-09-05', '14:12:31', 'J Malapitan'),
(152, 450, 0, 'Entry Added', '', '', '2019-09-05', '00:00:00', 'Jolissa Malapitan');

-- --------------------------------------------------------

--
-- Table structure for table `tbl_attendanceModification`
--

CREATE TABLE `tbl_attendanceModification` (
  `attendanceModification_ID` int(11) NOT NULL,
  `attendanceID` int(11) NOT NULL,
  `attendanceModification_timesModified` int(11) NOT NULL,
  `attendanceModification_activity` varchar(255) NOT NULL,
  `attendanceModification_fromValue` varchar(255) NOT NULL,
  `attendanceModification_toValue` varchar(255) NOT NULL,
  `attendanceModification_modificationDate` date DEFAULT NULL,
  `attendanceModification_modificationTime` time NOT NULL,
  `attendanceModification_updatedBy` varchar(255) NOT NULL,
  `attendanceModification_reason` varchar(255) NOT NULL
) ENGINE=MyISAM DEFAULT CHARSET=latin1;

--
-- Dumping data for table `tbl_attendanceModification`
--

INSERT INTO `tbl_attendanceModification` (`attendanceModification_ID`, `attendanceID`, `attendanceModification_timesModified`, `attendanceModification_activity`, `attendanceModification_fromValue`, `attendanceModification_toValue`, `attendanceModification_modificationDate`, `attendanceModification_modificationTime`, `attendanceModification_updatedBy`, `attendanceModification_reason`) VALUES
(21, 321, 8, 'Time-in Update', '12:06:42', '22:06:42', '2019-08-19', '00:00:00', 'Ivan Christian Caliao', ''),
(20, 321, 7, 'Time-in Update', '23:06:42', '12:06:42', '2019-08-19', '00:00:00', 'Ivan Christian Caliao', ''),
(19, 321, 6, 'Time-in Update', '22:06:42', '23:06:42', '2019-08-19', '00:00:00', 'Ivan Christian Caliao', ''),
(18, 321, 5, 'Location Update', 'WR', 'Office', '2019-08-19', '00:00:00', 'Ivan Christian Caliao', ''),
(17, 321, 5, 'Location Update', 'WR', 'Office', '2019-08-19', '00:00:00', 'Ivan Christian Caliao', ''),
(16, 321, 5, 'Location Update', 'WR', 'Office', '2019-08-19', '00:00:00', 'Ivan Christian Caliao', ''),
(15, 321, 5, 'Location Update', 'WR', 'Office', '2019-08-19', '00:00:00', 'Ivan Christian Caliao', ''),
(14, 321, 4, 'Time-Out Update', '22:37:37', '23:37:37', '2019-08-19', '00:00:00', 'Ivan Christian Caliao', ''),
(13, 321, 3, 'Time-in Update', '21:06:42', '22:06:42', '2019-08-19', '00:00:00', 'Ivan Christian Caliao', ''),
(11, 321, 1, 'Time-in Update', '19:06:42', '21:06:42', '2019-08-19', '00:00:00', 'Ivan Christian Caliao', ''),
(12, 321, 2, 'Time-Out Update', '20:37:37', '22:37:37', '2019-08-19', '00:00:00', 'Ivan Christian Caliao', ''),
(22, 55, 1, 'Time-in Update', '11:29:00', '00:29', '2019-08-19', '00:00:00', 'Ivan Christian Caliao', ''),
(23, 55, 2, 'Time-Out Update', '00:00:00', '01:00', '2019-08-19', '00:00:00', 'Ivan Christian Caliao', ''),
(24, 55, 3, 'Location Update', '', 'Office', '2019-08-19', '00:00:00', 'Ivan Christian Caliao', ''),
(25, 321, 9, 'Location Update', 'Office', 'WR', '2019-08-19', '00:00:00', 'Ivan Christian Caliao', ''),
(26, 331, 1, 'Location Update', 'WR', 'Office', '2019-08-20', '00:00:00', 'Ivan Christian Caliao', ''),
(27, 331, 2, 'Time-in Update', '09:31:06', '09:32:06', '2019-08-20', '00:00:00', 'Ivan Christian Caliao', ''),
(28, 331, 3, 'Location Update', 'Office', 'WR', '2019-08-20', '00:00:00', 'Ivan Christian Caliao', ''),
(29, 331, 4, 'VOID', '', '', '2019-08-20', '00:00:00', 'Ivan Christian Caliao', ''),
(30, 331, 4, 'VOID', '', '', '2019-08-20', '00:00:00', 'Ivan Christian Caliao', ''),
(31, 321, 10, 'VOID', '', '', '2019-08-20', '00:00:00', 'Ivan Christian Caliao', ''),
(32, 333, 1, 'Location Update', 'Office', 'WR', '2019-08-20', '00:00:00', 'Jolissa Malapitan', ''),
(33, 333, 2, 'Location Update', 'WR', 'Office', '2019-08-20', '00:00:00', 'Jolissa Malapitan', ''),
(34, 333, 3, 'VOID', '', '', '2019-08-20', '00:00:00', 'Jolissa Malapitan', ''),
(35, 331, 4, 'Location Update', 'WR', 'Office', '2019-08-20', '00:00:00', 'Ivan Christian Caliao', ''),
(36, 307, 1, 'Time-Out Update', '20:38:30', '22:38:30', '2019-08-20', '00:00:00', 'Jane De Leon', ''),
(37, 307, 2, 'Time-Out Update', '22:38:30', '20:38:30', '2019-08-20', '00:00:00', 'Jane De Leon', ''),
(38, 331, 5, 'VOID', '', '', '2019-08-20', '00:00:00', 'Ivan Christian Caliao', ''),
(39, 331, 5, 'Location Update', 'WR', 'Office', '2019-08-20', '00:00:00', 'Jolissa Malapitan', ''),
(40, 348, 1, 'Time-in Update', '13:30:00', '13:30', '2019-08-20', '00:00:00', 'Ivan Christian Caliao', ''),
(41, 348, 2, 'Location Update', 'WR', 'Office', '2019-08-20', '00:00:00', 'Ivan Christian Caliao', ''),
(42, 348, 3, 'Location Update', 'Office', 'WR', '2019-08-20', '00:00:00', 'Ivan Christian Caliao', ''),
(43, 353, 1, 'Time-in Update', '17:44:28', '17:00:28', '2019-08-20', '00:00:00', 'Jane De Leon', ''),
(44, 353, 2, 'VOID', '', '', '2019-08-20', '00:00:00', 'Jane De Leon', ''),
(45, 311, 1, 'Time-in Update', '10:55:40', '11:55:40', '2019-08-21', '00:00:00', 'Ivan Christian Caliao', ''),
(46, 311, 2, 'Location Update', 'WR', 'Office', '2019-08-21', '00:00:00', 'Ivan Christian Caliao', ''),
(47, 325, 1, 'Location Update', 'Office', 'WR', '2019-08-21', '00:00:00', 'Jolissa Malapitan', ''),
(48, 311, 3, 'VOID', '', '', '2019-08-21', '00:00:00', 'Ivan Christian Caliao', ''),
(49, 347, 1, 'VOID', '', '', '2019-08-21', '00:00:00', 'Ivan Christian Caliao', ''),
(50, 344, 1, 'Time-in Update', '12:00:00', '12:01', '2019-08-21', '00:00:00', 'Ivan Christian Caliao', ''),
(51, 344, 2, 'Time-in Update', '12:01:00', '12:00', '2019-08-21', '00:00:00', 'Ivan Christian Caliao', ''),
(52, 347, 1, 'Location Update', 'WR', 'Office', '2019-08-21', '00:00:00', 'Ivan Christian Caliao', ''),
(53, 355, 1, 'Location Update', 'WR', 'Office', '2019-08-21', '00:00:00', 'Ivan Christian Caliao', ''),
(54, 355, 2, 'Location Update', 'WR', 'Office', '2019-08-21', '00:00:00', 'Ivan Christian Caliao', ''),
(55, 347, 2, 'Time-in Update', '12:00:00', '12:01', '2019-08-21', '00:00:00', 'Ivan Christian Caliao', ''),
(56, 355, 3, 'Location Update', 'Office', 'WR', '2019-08-21', '00:00:00', 'Ivan Christian Caliao', ''),
(57, 358, 1, 'Location Update', 'WR', 'Office', '2019-08-21', '00:00:00', 'Ivan Christian Caliao', ''),
(58, 358, 2, 'Location Update', 'Office', 'WR', '2019-08-21', '00:00:00', 'Ivan Christian Caliao', ''),
(59, 358, 3, 'Location Update', 'WR', 'Office', '2019-08-21', '00:00:00', 'Ivan Christian Caliao', ''),
(60, 355, 4, 'Location Update', 'WR', 'Office', '2019-08-21', '00:00:00', 'Ivan Christian Caliao', ''),
(61, 355, 5, 'Location Update', 'Office', 'WR', '2019-08-21', '00:00:00', 'Ivan Christian Caliao', ''),
(62, 358, 4, 'Location Update', 'Office', 'WR', '2019-08-21', '00:00:00', 'Ivan Christian Caliao', ''),
(63, 358, 5, 'Location Update', 'WR', 'Office', '2019-08-21', '00:00:00', 'Ivan Christian Caliao', ''),
(64, 358, 6, 'Location Update', 'Office', 'WR', '2019-08-21', '00:00:00', 'Ivan Christian Caliao', ''),
(65, 355, 6, 'Location Update', 'WR', 'Office', '2019-08-21', '00:00:00', 'Ivan Christian Caliao', ''),
(66, 348, 4, 'Time-in Update', '13:30:00', '14:30', '2019-08-21', '00:00:00', 'Ivan Christian Caliao', ''),
(67, 348, 5, 'Time-Out Update', '15:00:00', '15:30', '2019-08-21', '00:00:00', 'Ivan Christian Caliao', ''),
(68, 348, 6, 'Location Update', 'WR', 'Office', '2019-08-21', '00:00:00', 'Ivan Christian Caliao', ''),
(69, 321, 10, 'Location Update', 'WR', 'Office', '2019-08-21', '00:00:00', 'Ivan Christian Caliao', ''),
(70, 358, 7, 'Location Update', 'WR', 'Office', '2019-08-21', '00:00:00', 'Ivan Christian Caliao', ''),
(71, 355, 7, 'Location Update', 'Office', 'WR', '2019-08-21', '00:00:00', 'Ivan Christian Caliao', ''),
(72, 348, 7, 'Location Update', 'Office', 'WR', '2019-08-21', '00:00:00', 'Ivan Christian Caliao', ''),
(73, 355, 8, 'Location Update', 'WR', 'Office', '2019-08-21', '00:00:00', 'Ivan Christian Caliao', ''),
(74, 348, 8, 'Time-in Update', '14:30:00', '14:34', '2019-08-21', '00:00:00', 'Ivan Christian Caliao', ''),
(75, 348, 9, 'Location Update', 'WR', 'Office', '2019-08-22', '00:00:00', 'Ivan Christian Caliao', ''),
(76, 347, 3, 'VOID', '', '', '2019-08-22', '00:00:00', 'Ivan Christian Caliao', ''),
(77, 348, 10, 'Location Update', 'Office', 'WR', '2019-08-22', '00:00:00', 'Ivan Christian Caliao', ''),
(78, 358, 8, 'Location Update', 'WR', 'Office', '2019-08-22', '00:00:00', 'Ivan Christian Caliao', ''),
(79, 348, 11, 'VOID', '', '', '2019-08-22', '00:00:00', 'Ivan Christian Caliao', ''),
(80, 348, 11, 'VOID', '', '', '2019-08-22', '00:00:00', 'Ivan Christian Caliao', ''),
(81, 355, 9, 'Time-in Update', '16:30:36', '16:00:36', '2019-08-22', '00:00:00', 'Ivan Christian Caliao', ''),
(82, 189, 1, 'Location Update', 'WR', 'Office', '2019-08-22', '00:00:00', 'Ivan Christian Caliao', ''),
(83, 189, 2, 'Time-in Update', '04:03:50', '04:10:50', '2019-08-22', '00:00:00', 'Ivan Christian Caliao', ''),
(84, 55, 4, 'VOID', '', '', '2019-08-22', '00:00:00', 'Ivan Christian Caliao', ''),
(85, 355, 10, 'Location Update', 'Office', 'WR', '2019-08-22', '19:16:41', 'Ivan Christian Caliao', ''),
(86, 355, 11, 'VOID', '', '', '2019-08-22', '00:00:00', 'Ivan Christian Caliao', ''),
(87, 358, 9, 'Time-in Update', '17:39:49', '17:30:49', '2019-08-22', '19:23:02', 'Ivan Christian Caliao', ''),
(88, 358, 10, 'Time-Out Update', '01:14:14', '01:00:14', '2019-08-22', '19:23:21', 'Ivan Christian Caliao', ''),
(89, 358, 11, 'VOID', '', '', '2019-08-22', '19:23:31', 'Ivan Christian Caliao', ''),
(90, 361, 1, 'Location Update', 'WR', 'Office', '2019-08-22', '19:23:50', 'Ivan Christian Caliao', ''),
(91, 361, 2, 'Location Update', 'Office', 'WR', '2019-08-22', '19:26:40', 'Ivan Christian Caliao', ''),
(92, 304, 1, 'Location Update', 'WR', 'Office', '2019-08-23', '03:41:03', 'Ivan Christian Caliao', ''),
(93, 342, 1, 'Time-Out Update', '22:35:12', '22:36:12', '2019-08-23', '13:07:22', 'J Malapitan', ''),
(94, 341, 1, 'Time-Out Update', '21:30:12', '21:31:12', '2019-08-23', '13:07:59', 'J Malapitan', ''),
(95, 212, 1, 'VOID', '', '', '2019-08-23', '14:05:37', 'Jolissa Malapitan', ''),
(96, 213, 1, 'VOID', '', '', '2019-08-23', '14:05:52', 'Jolissa Malapitan', ''),
(97, 357, 1, 'VOID', '', '', '2019-08-23', '14:06:14', 'Jane De Leon', ''),
(98, 170, 1, 'Time-Out Update', '00:55:49', '00:56:49', '2019-08-23', '14:22:05', 'Ivan Christian Caliao', ''),
(99, 302, 1, 'VOID', '', '', '2019-08-23', '14:57:45', 'Jolissa Malapitan', ''),
(100, 314, 1, 'VOID', '', '', '2019-08-23', '14:58:09', 'Jolissa Malapitan', ''),
(101, 293, 1, 'Time-Out Update', '07:08:16', '09:08:16', '2019-08-23', '14:59:40', 'Jane De Leon', ''),
(102, 293, 2, 'Time-Out Update', '09:08:16', '07:08:16', '2019-08-23', '15:00:06', 'Jane De Leon', ''),
(103, 290, 1, 'VOID', '', '', '2019-08-23', '15:00:38', 'Jane De Leon', ''),
(104, 361, 3, 'VOID', '', '', '2019-08-23', '15:04:42', 'Ivan Christian Caliao', ''),
(105, 264, 1, 'VOID', '', '', '2019-08-23', '15:07:39', 'Ivan Christian Caliao', ''),
(106, 293, 3, 'VOID', '', '', '2019-08-23', '15:07:48', 'Ivan Christian Caliao', ''),
(107, 259, 1, 'VOID', '', '', '2019-08-23', '15:30:49', 'Ivan Christian Caliao', ''),
(108, 84, 1, 'VOID', '', '', '2019-08-23', '15:39:35', 'Jolissa Malapitan', ''),
(109, 289, 1, 'VOID', '', '', '2019-08-23', '16:48:47', 'Ivan Christian Caliao', ''),
(110, 282, 1, 'VOID', '', '', '2019-08-23', '16:48:59', 'Ivan Christian Caliao', ''),
(111, 72, 1, 'VOID', '', '', '2019-08-23', '17:04:25', 'Ivan Christian Caliao', ''),
(112, 272, 1, 'Time-in Update', '19:35:54', '20:35:54', '2019-08-27', '08:44:41', 'Ivan Christian Caliao', ''),
(113, 73, 1, 'VOID', '', '', '2019-08-27', '13:50:02', 'Jolissa Malapitan', ''),
(114, 393, 0, '', '', '', NULL, '00:00:00', '', ''),
(115, 356, 1, 'VOID', '', '', '2019-08-27', '14:04:36', 'Jolissa Malapitan', ''),
(116, 394, 0, 'Entry Added', '', '', '2019-08-27', '00:00:00', 'Ivan Christian Caliao', ''),
(117, 356, 1, 'VOID', '', '', '2019-08-27', '14:07:22', 'Jolissa Malapitan', ''),
(118, 356, 1, 'VOID', '', '', '2019-08-27', '14:07:30', 'Jolissa Malapitan', ''),
(119, 395, 0, 'Entry Added', '', '', '2019-08-27', '00:00:00', 'Jolissa Malapitan', ''),
(120, 396, 0, 'Entry Added', '', '', '2019-08-27', '00:00:00', 'Jolissa Malapitan', ''),
(121, 397, 0, 'Entry Added', '', '', '2019-08-27', '00:00:00', 'Jolissa Malapitan', ''),
(122, 57, 1, 'Time-Out Update', '00:00:00', '01:00', '2019-08-27', '14:21:18', 'Jolissa Malapitan', ''),
(123, 57, 2, 'Location Update', '', 'WR', '2019-08-27', '14:21:18', 'Jolissa Malapitan', ''),
(124, 399, 1, 'Location Update', 'WR', 'Office', '2019-08-27', '14:23:21', 'Ivan Christian Caliao', ''),
(125, 57, 3, 'Time-in Update', '15:32:41', '18:32:41', '2019-08-27', '14:26:33', 'Jolissa Malapitan', ''),
(126, 401, 1, 'VOID', '', '', '2019-08-27', '14:34:54', 'Ivan Christian Caliao', ''),
(127, 365, 1, 'Time-Out Update', '13:04:10', '13:05:10', '2019-08-27', '14:39:51', 'Jolissa Malapitan', ''),
(128, 237, 1, 'Time-Out Update', '21:20:00', '22:20', '2019-08-27', '14:40:31', 'Jolissa Malapitan', ''),
(129, 237, 2, 'Time-Out Update', '22:20:00', '21:20', '2019-08-27', '14:41:07', 'Jolissa Malapitan', ''),
(130, 265, 1, 'VOID', '', '', '2019-08-27', '14:44:40', 'Jolissa Malapitan', ''),
(131, 225, 3, 'VOID', '', '', '2019-08-27', '14:46:12', 'Jolissa Malapitan', ''),
(132, 402, 1, 'Location Update', 'WR', 'Office', '2019-08-27', '14:48:38', 'Ivan Christian Caliao', ''),
(133, 214, 3, 'VOID', '', '', '2019-08-27', '14:50:34', 'Jolissa Malapitan', ''),
(134, 433, 0, 'Entry Added', '', '', '2019-08-27', '00:00:00', 'Ivan Christian Caliao', ''),
(135, 435, 0, 'Entry Added', '', '', '2019-08-27', '00:00:00', 'Jane De Leon', ''),
(136, 229, 1, 'Time-Out Update', '20:00:00', '20:05', '2019-08-27', '16:34:52', 'Jane De Leon', ''),
(137, 436, 1, 'VOID', '', '', '2019-08-27', '16:38:12', 'Jane De Leon', ''),
(138, 388, 1, 'VOID', '', '', '2019-08-27', '16:38:59', 'Jane De Leon', ''),
(139, 437, 0, 'Entry Added', '', '', '2019-08-27', '00:00:00', 'Jolissa Malapitan', ''),
(140, 376, 1, 'Time-Out Update', '16:10:30', '16:09:30', '2019-08-29', '09:31:43', 'Jolissa Malapitan', ''),
(141, 196, 1, 'Time-Out Update', '23:28:27', '12:28:27', '2019-08-29', '11:59:51', 'Ivan Christian Caliao', ''),
(149, 342, 2, 'Time-Out Update', '22:36:12', '23:49', '2019-09-02', '07:06:34', 'Jolissa Malapitan', ''),
(148, 384, 6, 'Location Update', 'Office', 'WR', '2019-08-30', '11:16:12', 'Ivan Christian Caliao', ''),
(147, 384, 5, 'Time-in Update', '10:51:04', '11:51:04', '2019-08-30', '02:38:05', 'Ivan Christian Caliao', ''),
(146, 383, 1, 'VOID', '', '', '2019-08-30', '08:52:35', 'Ivan Christian Caliao', ''),
(150, 376, 2, 'Time-Out Update', '16:09:30', '16:10:30', '2019-09-04', '08:59:05', 'Jolissa Malapitan', ''),
(151, 445, 1, 'Time-Out Update', '12:53:15', '17:00:15', '2019-09-05', '14:12:31', 'J Malapitan', ''),
(152, 450, 0, 'Entry Added', '', '', '2019-09-05', '00:00:00', 'Jolissa Malapitan', ''),
(153, 339, 1, 'Time-Out Update', '21:30:00', '22:30', '2019-09-17', '10:28:28', 'Jolissa Malapitan', ''),
(154, 339, 2, 'Time-Out Update', '22:30:00', '21:30', '2019-09-17', '10:28:38', 'Jolissa Malapitan', ''),
(155, 482, 0, 'Entry Added', '', '', '2019-09-18', '00:00:00', 'Jane De Leon', ''),
(156, 485, 0, 'Entry Added', '', '', '2019-09-19', '00:00:00', 'Ivan Christian Caliao', ''),
(157, 486, 0, 'Entry Added', '', '', '2019-09-19', '00:00:00', 'Ivan Christian Caliao', ''),
(158, 487, 0, 'Entry Added', '', '', '2019-09-19', '00:00:00', 'Ivan Christian Caliao', ''),
(159, 488, 0, 'Entry Added', '', '', '2019-09-19', '00:00:00', 'Ivan Christian Caliao', ''),
(160, 490, 1, 'Location Update', 'WR', 'Office', '2019-09-23', '10:27:21', 'Ivan Christian Caliao', ''),
(161, 490, 2, 'Location Update', 'Office', 'WR', '2019-09-23', '10:31:42', 'Ivan Christian Caliao', ''),
(162, 490, 3, 'Location Update', 'WR', 'Office', '2019-09-23', '10:54:21', 'Ivan Christian Caliao', 'testing location'),
(163, 443, 1, 'Location Update', 'WR', 'Office', '2019-10-05', '22:12:43', 'Jolissa Malapitan', ''),
(164, 492, 1, 'Time-Out Update', '14:03:46', '16:03:46', '2019-10-08', '14:35:19', 'Jane De Leon', ''),
(165, 492, 2, 'Time-Out Update', '16:03:46', '14:03:46', '2019-10-08', '14:35:38', 'Jane De Leon', ''),
(166, 33, 1, 'Time-Out Update', '00:00:00', '21:00', '2019-10-08', '14:38:33', 'Jolissa Malapitan', ''),
(167, 33, 2, 'Location Update', '', 'Office', '2019-10-08', '14:38:33', 'Jolissa Malapitan', ''),
(168, 33, 3, 'Time-in Update', '20:43:26', '08:43:26', '2019-10-08', '06:38:47', 'Jolissa Malapitan', ''),
(169, 492, 3, 'Time-Out Update', '14:03:46', '16:03:46', '2019-10-08', '14:39:21', 'Jolissa Malapitan', ''),
(170, 492, 4, 'Time-Out Update', '16:03:46', '16:04:46', '2019-10-08', '14:39:37', 'Jolissa Malapitan', ''),
(171, 496, 1, 'Location Update', 'WR', 'Office', '2019-10-18', '17:26:16', 'Jane De Leon', 'Forgot to timeout in the office.'),
(172, 496, 2, 'VOID', '', '', '2019-10-18', '18:10:48', 'Jane De Leon', ''),
(173, 540, 0, 'Entry Added', '', '', '2019-10-24', '00:00:00', 'Jolissa Malapitan', ''),
(174, 544, 0, 'Entry Added', '', '', '2019-10-24', '00:00:00', 'Jolissa Malapitan', ''),
(175, 534, 1, 'Time-Out Update', '22:30:23', '23:30:23', '2019-10-24', '14:02:38', 'Jolissa Malapitan', ''),
(176, 548, 1, 'Time-Out Update', '12:35:20', '13:35:20', '2019-11-05', '14:57:11', 'Ivan Christian Caliao', ''),
(177, 553, 0, 'Entry Added', '', '', '2019-11-05', '00:00:00', 'Ivan Christian Caliao', ''),
(178, 556, 0, 'Entry Added', '', '', '2019-11-08', '00:00:00', 'Ivan Christian Caliao', ''),
(179, 555, 1, 'Time-Out Update', '03:06:47', '04:07:47', '2019-11-08', '03:14:58', 'Ivan Christian Caliao', ''),
(180, 557, 0, 'Entry Added', '', '', '2019-11-08', '00:00:00', 'Ivan Christian Caliao', ''),
(181, 560, 0, 'Entry Added', '', '', '2019-11-12', '00:00:00', 'Ivan Christian Caliao', ''),
(182, 564, 0, 'Entry Added', '', '', '2019-11-14', '00:00:00', 'Ivan Christian Caliao', ''),
(183, 566, 0, 'Entry Added', '', '', '2019-11-14', '00:00:00', 'Ivan Christian Caliao', ''),
(184, 566, 1, 'Time-in Update', '16:46:53', '15:46:53', '2019-11-14', '08:52:44', 'Ivan Christian Caliao', ''),
(185, 566, 2, 'Time-Out Update', '16:47:44', '16:50:44', '2019-11-14', '16:52:44', 'Ivan Christian Caliao', ''),
(186, 571, 0, 'Entry Added', '', '', '2019-11-15', '00:00:00', 'Ivan Christian Caliao', ''),
(187, 572, 0, 'Entry Added', '', '', '2019-11-15', '00:00:00', 'Ivan Christian Caliao', ''),
(188, 574, 0, 'Entry Added', '', '', '2019-11-21', '00:00:00', 'Ivan Christian Caliao', ''),
(189, 576, 0, 'Entry Added', '', '', '2019-11-22', '00:00:00', 'Calum Scott', ''),
(190, 578, 1, 'Time-Out Update', '18:00:00', '19:00', '2019-11-22', '17:50:05', 'Jolissa Malapitan', ''),
(191, 582, 0, 'Entry Added', '', '', '2019-12-09', '00:00:00', 'Calum Scott', ''),
(192, 583, 0, 'Entry Added', '', '', '2019-12-09', '00:00:00', 'Calum Scott', ''),
(193, 581, 1, 'Location Update', 'WR', 'Office', '2019-12-09', '20:30:36', 'Ivan Christian Caliao', ''),
(194, 587, 0, 'Entry Added', '', '', '2020-10-07', '00:00:00', 'Admin Qualis', ''),
(195, 588, 0, 'Entry Added', '', '', '2020-10-07', '00:00:00', 'Admin Qualis', ''),
(196, 592, 0, 'Entry Added', '', '', '2020-10-07', '00:00:00', 'Siri Chot', ''),
(197, 593, 0, 'Entry Added', '', '', '2020-10-07', '00:00:00', 'Siri Chot', ''),
(198, 594, 0, 'Entry Added', '', '', '2020-10-07', '00:00:00', 'Siri Chot', ''),
(199, 595, 0, 'Entry Added', '', '', '2020-10-07', '00:00:00', 'Siri Chot', ''),
(200, 596, 0, 'Entry Added', '', '', '2020-10-07', '00:00:00', 'Siri Chot', ''),
(201, 597, 0, 'Entry Added', '', '', '2020-10-07', '00:00:00', 'Siri Chot', ''),
(202, 598, 0, 'Entry Added', '', '', '2020-10-07', '00:00:00', 'Siri Chot', ''),
(203, 600, 0, 'Entry Added', '', '', '2020-10-08', '00:00:00', 'Siri Chot', ''),
(204, 601, 0, 'Entry Added', '', '', '2020-10-08', '00:00:00', 'Siri Chot', '');

-- --------------------------------------------------------

--
-- Table structure for table `tbl_auditlogs`
--

CREATE TABLE `tbl_auditlogs` (
  `id` int(11) NOT NULL,
  `modified_by_id` int(255) NOT NULL,
  `modified_timestamp` varchar(100) NOT NULL,
  `module` varchar(100) NOT NULL,
  `sub_module` varchar(100) NOT NULL,
  `old_data` varchar(100) DEFAULT NULL,
  `new_data` varchar(100) NOT NULL,
  `action` varchar(100) NOT NULL
) ENGINE=InnoDB DEFAULT CHARSET=latin1;

--
-- Dumping data for table `tbl_auditlogs`
--

INSERT INTO `tbl_auditlogs` (`id`, `modified_by_id`, `modified_timestamp`, `module`, `sub_module`, `old_data`, `new_data`, `action`) VALUES
(1, 1, '2019-03-10 14:20:27', 'Configurations', 'Coretime Configurations', '', 'asd', 'ADD'),
(2, 1, '2019-03-10 14:33:31', 'Configurations', 'Coretime Configurations', '', 'Test', 'ADD'),
(3, 1, '2019-03-10 14:39:30', 'Configurations', 'Coretime Configurations', 'asd', 'CORE11', 'UPDATE'),
(4, 1, '2019-03-10 14:41:10', 'Configurations', 'Coretime Configurations', NULL, '', 'DELETE'),
(5, 1, '2019-03-10 14:41:50', 'Configurations', 'Coretime Configurations', 'asd', '', 'DELETE'),
(6, 1, '2019-03-10 14:42:08', 'Configurations', 'Coretime Configurations', 'asd', '', 'DELETE'),
(7, 1, '2019-03-10 14:42:11', 'Configurations', 'Coretime Configurations', 'asd', '', 'DELETE'),
(8, 1, '2019-03-10 14:42:15', 'Configurations', 'Coretime Configurations', 'Core10', '', 'DELETE'),
(9, 1, '2019-03-10 14:42:19', 'Configurations', 'Coretime Configurations', 'CORE11', '', 'DELETE'),
(10, 1, '2019-03-10 14:42:23', 'Configurations', 'Coretime Configurations', 'Core2', '', 'DELETE'),
(11, 1, '2019-03-10 14:42:27', 'Configurations', 'Coretime Configurations', 'Core3', '', 'DELETE'),
(12, 1, '2019-03-10 14:42:31', 'Configurations', 'Coretime Configurations', 'Core4', '', 'DELETE'),
(13, 1, '2019-03-10 14:42:35', 'Configurations', 'Coretime Configurations', 'cORE6', '', 'DELETE'),
(14, 1, '2019-03-10 14:42:40', 'Configurations', 'Coretime Configurations', 'LastTest', '', 'DELETE'),
(15, 1, '2019-03-10 14:42:45', 'Configurations', 'Coretime Configurations', 'Test', '', 'DELETE'),
(16, 1, '2019-03-10 14:42:48', 'Configurations', 'Coretime Configurations', 'Testing', '', 'DELETE'),
(17, 1, '2019-03-10 15:04:22', 'Configurations', 'Designation Configurations', '', 'Testing', 'ADD'),
(18, 1, '2019-03-10 15:04:51', 'Configurations', 'Designation Configurations', 'Testing', 'Testing2', 'UPDATE'),
(19, 1, '2019-03-10 15:05:06', 'Configurations', 'Designation Configurations', 'Testing2', '', 'DELETE'),
(20, 1, '2019-03-10 15:05:41', 'Configurations', 'Position Configurations', '', 'Testing', 'ADD'),
(21, 1, '2019-03-10 15:06:02', 'Configurations', 'Position Configurations', 'Testing', 'Testingsss', 'UPDATE'),
(22, 1, '2019-03-10 15:06:17', 'Configurations', 'Position Configurations', 'Testingsss', '', 'DELETE'),
(23, 1, '2019-03-10 15:19:05', 'Configurations', 'Leave Configurations', '', 'Test', 'ADD'),
(24, 1, '2019-03-10 15:19:29', 'Configurations', 'Leave Configurations', 'Test', 'Test', 'UPDATE'),
(25, 1, '2019-03-10 15:19:45', 'Configurations', 'Coretime Configurations', 'Test', '', 'DELETE'),
(26, 1, '2019-03-10 18:00:22', 'Project Management', 'Project Management', '', 'Test', 'ADD'),
(27, 1, '2019-03-10 18:00:48', 'Project Management', 'Project Management', 'Test', 'Teste', 'UPDATE'),
(28, 1, '2019-03-10 18:01:01', 'Project Management', 'Project Management', 'Teste', '', 'DELETE'),
(29, 1, '2019-03-10 22:04:11', 'AED Employee', 'Add Employee', '', '190040', 'ADD'),
(30, 40, '2019-03-10 23:42:10', 'Configurations', 'Coretime Configurations', '', 'CoreTime2', 'ADD'),
(31, 40, '2019-03-10 23:43:13', 'Configurations', 'Position Configurations', '', 'Assistant', 'ADD'),
(32, 40, '2019-03-11 20:16:00', 'Project Management', 'Project Management', '', 'Admin', 'ADD'),
(33, 1, '2019-03-16 00:13:17', 'Configurations', 'Access Level Configurations', '', 'AuditTest', 'ADD'),
(34, 1, '2019-03-16 00:13:48', 'Configurations', 'Access Level Configurations', 'AuditTest', 'AuditTestss', 'UPDATE'),
(35, 1, '2019-03-16 00:14:18', 'Configurations', 'Access Level Configurations', 'AuditTestss', '', 'DELETE'),
(36, 1, '2019-03-16 00:18:34', 'Configurations', 'Access Level Configurations', '', 'Employee Access Level', 'ADD'),
(37, 1, '2019-03-16 00:20:32', 'Configurations', 'Access Level Configurations', 'Employee Access Level', 'Employee Access Level', 'UPDATE'),
(38, 1, '2019-03-16 00:20:47', 'Configurations', 'Access Level Configurations', 'Employee Access Level', 'Employee Access Level', 'UPDATE'),
(39, 1, '2019-03-16 00:26:52', 'Configurations', 'Access Level Configurations', 'Employee Access Level', '', 'DELETE'),
(40, 1, '2019-03-16 00:27:11', 'Configurations', 'Access Level Configurations', '', 'Employee Access Level', 'ADD'),
(41, 1, '2019-03-16 00:28:32', 'Configurations', 'Access Level Configurations', 'Employee Access Level', 'Employee Access Level', 'UPDATE'),
(42, 1, '2019-03-17 08:54:05', 'Configurations', 'Assign Leave Configurations', 'Sick Leave', 'Sick Leave', 'UPDATE'),
(43, 1, '2019-03-17 08:58:05', 'Configurations', 'Assign Leave Configurations', 'Vacation Leave', 'Vacation Leave', 'UPDATE'),
(44, 1, '2019-03-17 08:59:05', 'Configurations', 'Assign Leave Configurations', 'Vacation Leave', 'Vacation Leave', 'UPDATE'),
(45, 1, '2019-03-17 09:14:13', 'Configurations', 'Assign Leave Configurations', 'Vacation Leave', '', 'DELETE'),
(46, 1, '2019-03-17 09:21:34', 'Configurations', 'Assign Leave Configurations', 'Sick Leave', 'Sick Leave', 'UPDATE'),
(47, 1, '2019-03-17 09:22:03', 'Configurations', 'Assign Leave Configurations', 'Sick Leave', 'Sick Leave', 'UPDATE'),
(48, 1, '2019-03-17 16:38:16', 'Configurations', 'Assign Leave Configurations', 'Sick Leave', '', 'DELETE'),
(49, 1, '2019-03-17 16:48:22', 'Configurations', 'Assign Leave Configurations', '', 'Assigned Leave', 'ADD'),
(50, 1, '2019-03-17 16:48:32', 'Configurations', 'Assign Leave Configurations', 'Vacation Leave', '', 'DELETE'),
(51, 1, '2019-03-20 10:14:55', 'AED Employee', 'Add Employee', '', '190041', 'ADD'),
(52, 1, '2019-03-20 10:16:40', 'AED Employee', 'Add Employee', '', '190041', 'ADD'),
(53, 41, '2019-03-20 11:27:14', 'Project Management', 'Project Management', 'Admin', '', 'DELETE'),
(54, 1, '2019-03-22 17:44:20', 'AED Employee', 'Add Employee', '', '190042', 'ADD'),
(55, 40, '2019-03-22 23:32:02', 'Project Management', 'Project Management', '', 'Tech', 'ADD'),
(56, 40, '2019-03-22 23:42:37', 'Project Management', 'Project Management', 'Tech', 'Technical', 'UPDATE'),
(57, 40, '2019-03-22 23:47:31', 'Project Management', 'Project Management', 'Technical', '', 'DELETE'),
(58, 1, '2019-03-23 14:13:29', 'Configurations', 'Leave Configurations', '', 'Leave Ko', 'ADD'),
(59, 1, '2019-03-23 14:14:03', 'Configurations', 'Leave Configurations', 'Leave Ko', 'Additional Leave', 'UPDATE'),
(60, 1, '2019-03-23 14:16:56', 'Configurations', 'Assign Leave Configurations', '', 'Updated Vacation Leave for ', 'UPDATE'),
(61, 1, '2019-03-23 14:30:15', 'Configurations', 'Assign Leave Configurations', '', 'Assigned Leave for 190040', 'ADD'),
(62, 40, '2019-03-24 14:23:41', 'Configurations', 'Leave Configurations', 'Sick Leave', 'Sick Leave', 'UPDATE'),
(63, 40, '2019-03-24 14:23:47', 'Configurations', 'Leave Configurations', 'Vacation Leave', 'Vacation Leave', 'UPDATE'),
(64, 40, '2019-03-24 14:23:52', 'Configurations', 'Leave Configurations', 'Additional Leave', 'Additional Leave', 'UPDATE'),
(65, 40, '2019-03-24 14:26:50', 'Configurations', 'Assign Leave Configurations', 'Old Leave Assigned', 'Reset Leave Assigned', 'RESET LEAVE'),
(66, 40, '2019-03-24 14:33:24', 'AED Employee', 'Add Employee', '', '190043', 'ADD'),
(67, 43, '2019-03-24 14:37:13', 'Configurations', 'Leave Configurations', '', 'Sick Leave', 'ADD'),
(68, 43, '2019-03-24 14:37:21', 'Configurations', 'Leave Configurations', 'Sick Leave', 'Sick Leave', 'UPDATE'),
(69, 43, '2019-03-24 14:37:34', 'Configurations', 'Leave Configurations', 'Vacation Leave', 'Vacation Leave', 'UPDATE'),
(70, 43, '2019-03-24 14:38:33', 'Configurations', 'Leave Configurations', 'Sick Leave', '', 'DELETE'),
(71, 43, '2019-03-24 14:38:44', 'Configurations', 'Leave Configurations', '', 'Sick Leave', 'ADD'),
(72, 1, '2019-03-24 16:51:10', 'Configurations', 'Assign Leave Configurations', 'Old Leave Assigned', 'Reset Leave Assigned', 'RESET LEAVE'),
(73, 40, '2019-03-24 16:55:33', 'AED Employee', 'Add Employee', '', '190044', 'ADD'),
(74, 43, '2019-03-24 17:12:33', 'AED Employee', 'Add Employee', '', '190045', 'ADD'),
(75, 41, '2019-03-24 18:36:39', 'AED Employee', 'Add Employee', '', '190046', 'ADD'),
(76, 41, '2019-03-24 18:42:23', 'AED Employee', 'Add Employee', '', '190047', 'ADD'),
(77, 41, '2019-03-24 18:47:21', 'AED Employee', 'Add Employee', '', '190048', 'ADD'),
(78, 47, '2019-03-24 19:27:11', 'Configurations', 'Leave Configurations', '', 'Maternity Leave', 'ADD'),
(79, 45, '2019-03-24 19:41:26', 'Configurations', 'Access Level Configurations', '', 'Viewing', 'ADD'),
(80, 45, '2019-03-24 19:43:21', 'Configurations', 'Leave Configurations', '', 'Adoption Leave', 'ADD'),
(81, 45, '2019-03-24 19:44:19', 'Configurations', 'Access Level Configurations', 'Super Admin', 'Super Admin', 'UPDATE'),
(82, 1, '2019-03-24 22:45:50', 'Configurations', 'Assign Leave Configurations', '', 'Assigned Leave for 1', 'ADD'),
(83, 45, '2019-03-27 22:54:17', 'AED Employee', 'Add Employee', '', '190049', 'ADD'),
(84, 49, '2019-03-27 22:58:10', 'Configurations', 'Assign Leave Configurations', '', 'Assigned Leave for 40', 'ADD'),
(85, 49, '2019-03-27 22:58:18', 'Configurations', 'Assign Leave Configurations', '', 'Assigned Leave for 40', 'ADD'),
(86, 49, '2019-03-27 22:58:26', 'Configurations', 'Assign Leave Configurations', '', 'Assigned Leave for 40', 'ADD'),
(87, 49, '2019-03-27 22:59:35', 'Configurations', 'Assign Leave Configurations', '', 'Assigned Leave for 44', 'ADD'),
(88, 49, '2019-03-27 23:00:39', 'Configurations', 'Assign Leave Configurations', '', 'Assigned Leave for 43', 'ADD'),
(89, 49, '2019-03-27 23:01:15', 'Configurations', 'Assign Leave Configurations', '', 'Assigned Leave for 40', 'ADD'),
(90, 49, '2019-03-27 23:02:49', 'Configurations', 'Leave Configurations', 'Additional Leave', 'Additional Leave', 'UPDATE'),
(91, 43, '2019-05-14 14:40:53', 'Configurations', 'Designation Configurations', 'Admin', 'Admin', 'UPDATE'),
(92, 41, '2019-06-21 14:21:48', 'AED Employee', 'Add Employee', '', '190050', 'ADD'),
(93, 41, '2019-06-25 12:46:40', 'AED Employee', 'Add Employee', '', '190051', 'ADD'),
(94, 41, '2019-06-25 12:49:45', 'Configurations', 'Access Level Configurations', '', 'HR Access', 'ADD'),
(95, 41, '2019-06-25 18:31:59', 'AED Employee', 'Add Employee', '', '190052', 'ADD'),
(96, 52, '2019-06-25 18:43:59', 'AED Employee', 'Add Employee', '', '190053', 'ADD'),
(97, 53, '2019-06-25 18:55:27', 'AED Employee', 'Add Employee', '', '190054', 'ADD'),
(98, 53, '2019-06-25 19:00:24', 'AED Employee', 'Add Employee', '', '190055', 'ADD'),
(99, 53, '2019-06-25 19:07:29', 'AED Employee', 'Add Employee', '', '190056', 'ADD'),
(100, 49, '2019-07-12 13:40:42', 'Project Management', 'Project Management', '', 'Tech', 'ADD'),
(101, 49, '2019-07-12 13:53:54', 'Project Management', 'Project Management', 'Tech', '', 'DELETE'),
(102, 49, '2019-07-12 13:54:03', 'Project Management', 'Project Management', 'Employee Utilization', 'Employee Utilization', 'UPDATE'),
(103, 49, '2019-07-12 14:05:50', 'Project Management', 'Project Management', '', 'Technical', 'ADD'),
(104, 49, '2019-07-12 14:05:55', 'Project Management', 'Project Management', 'Technical', '', 'DELETE'),
(105, 49, '2019-07-12 16:43:50', 'Configurations', 'Leave Configurations', '', 'Mandatory Leave', 'ADD'),
(106, 49, '2019-07-12 16:48:04', 'Configurations', 'Leave Configurations', 'Mandatory Leave', 'Mandatory Leave', 'UPDATE'),
(107, 49, '2019-07-12 17:06:28', 'Configurations', 'Leave Configurations', 'Mandatory Leave', '', 'DELETE'),
(108, 49, '2019-07-16 14:42:23', 'Configurations', 'Assign Leave Configurations', '', 'Assigned Leave for 49', 'ADD'),
(109, 49, '2019-07-16 14:42:27', 'Configurations', 'Assign Leave Configurations', '', 'Assigned Leave for 49', 'ADD'),
(110, 49, '2019-07-16 14:42:41', 'Configurations', 'Assign Leave Configurations', '', 'Assigned Leave for 5', 'ADD'),
(111, 49, '2019-07-16 14:42:45', 'Configurations', 'Assign Leave Configurations', '', 'Assigned Leave for 5', 'ADD'),
(112, 49, '2019-07-16 15:04:15', 'Configurations', 'Assign Leave Configurations', '', 'Updated Leave Without Pay for ', 'UPDATE'),
(113, 49, '2019-07-16 15:08:11', 'Configurations', 'Assign Leave Configurations', '', 'Reset Vacation Leave for 46', 'UPDATE'),
(114, 49, '2019-07-16 15:23:47', 'Configurations', 'Assign Leave Configurations', 'Deleted Sick Leave for ', '', 'DELETE'),
(115, 49, '2019-07-16 15:43:39', 'Configurations', 'Access Level Configurations', '', 'Employee Access', 'ADD'),
(116, 49, '2019-07-16 15:43:54', 'Configurations', 'Access Level Configurations', 'Employee Access', '', 'DELETE'),
(117, 49, '2019-07-16 15:49:15', 'Configurations', 'Access Level Configurations', '', 'Employee Access', 'ADD'),
(118, 49, '2019-07-16 16:02:06', 'Configurations', 'Access Level Configurations', 'Employee Access', 'Employee Access', 'UPDATE'),
(119, 49, '2019-07-16 16:08:16', 'Configurations', 'Access Level Configurations', 'Employee Access', '', 'DELETE'),
(120, 49, '2019-07-16 16:16:24', 'Configurations', 'Designation Configurations', '', 'HR', 'ADD'),
(121, 49, '2019-07-16 16:24:04', 'Configurations', 'Designation Configurations', 'HR', 'Human Resource', 'UPDATE'),
(122, 49, '2019-07-16 16:40:08', 'Configurations', 'Position Configurations', '', 'Timekeeping ', 'ADD'),
(123, 49, '2019-07-16 16:48:20', 'Configurations', 'Position Configurations', 'Timekeeping ', 'Timekeeping ', 'UPDATE'),
(124, 49, '2019-07-16 16:52:37', 'Configurations', 'Position Configurations', 'Timekeeping ', '', 'DELETE'),
(125, 49, '2019-07-16 16:54:12', 'Configurations', 'Designation Configurations', 'Human Resource', '', 'DELETE'),
(126, 49, '2019-07-26 11:51:15', 'Configurations', 'Coretime Configurations', '', 'CoreTime3', 'ADD'),
(127, 43, '2019-07-26 13:51:57', 'AED Employee', 'Add Employee', '', '190057', 'ADD'),
(128, 52, '2019-07-29 12:19:05', 'AED Employee', 'Add Employee', '', '190058', 'ADD'),
(129, 52, '2019-08-01 15:45:04', 'AED Employee', 'Add Employee', '', '190059', 'ADD'),
(130, 52, '2019-08-02 14:08:21', 'Configurations', 'Assign Leave Configurations', '', 'Updated Vacation Leave for ', 'UPDATE'),
(131, 43, '2019-08-06 14:16:55', 'Configurations', 'Assign Leave Configurations', '', 'Assigned Leave for 43', 'ADD'),
(132, 43, '2019-08-06 14:17:24', 'Configurations', 'Assign Leave Configurations', '', 'Assigned Leave for 43', 'ADD'),
(133, 43, '2019-08-06 14:17:42', 'Configurations', 'Assign Leave Configurations', '', 'Assigned Leave for 43', 'ADD'),
(134, 41, '2019-08-07 11:26:29', 'AED Employee', 'Add Employee', '', '190060', 'ADD'),
(135, 41, '2019-08-07 11:29:13', 'AED Employee', 'Add Employee', '', '190060', 'ADD'),
(136, 41, '2019-08-15 15:36:33', 'Configurations', 'Access Level Configurations', 'HR Access', 'HR Access', 'UPDATE'),
(137, 49, '2019-08-16 07:24:51', 'AED Employee', 'Add Employee', '', '190061', 'ADD'),
(138, 40, '2019-08-19 13:08:48', 'Configurations', 'Leave Configurations', NULL, '', 'DELETE'),
(139, 40, '2019-08-19 13:14:46', 'Configurations', 'Leave Configurations', NULL, '', 'DELETE'),
(140, 41, '2019-08-19 20:39:15', 'Configurations', 'Leave Configurations', NULL, '', 'DELETE'),
(141, 58, '2019-08-21 16:32:55', 'Configurations', 'Access Level Configurations', 'Super Admin', 'Super Admin', 'UPDATE'),
(142, 58, '2019-08-21 17:15:10', 'Configurations', 'Access Level Configurations', '', 'Attendance Configs', 'ADD'),
(143, 58, '2019-08-21 17:16:42', 'Configurations', 'Access Level Configurations', 'Attendance Configs', '', 'DELETE'),
(1, 1, '2019-03-10 14:20:27', 'Configurations', 'Coretime Configurations', '', 'asd', 'ADD'),
(2, 1, '2019-03-10 14:33:31', 'Configurations', 'Coretime Configurations', '', 'Test', 'ADD'),
(3, 1, '2019-03-10 14:39:30', 'Configurations', 'Coretime Configurations', 'asd', 'CORE11', 'UPDATE'),
(4, 1, '2019-03-10 14:41:10', 'Configurations', 'Coretime Configurations', NULL, '', 'DELETE'),
(5, 1, '2019-03-10 14:41:50', 'Configurations', 'Coretime Configurations', 'asd', '', 'DELETE'),
(6, 1, '2019-03-10 14:42:08', 'Configurations', 'Coretime Configurations', 'asd', '', 'DELETE'),
(7, 1, '2019-03-10 14:42:11', 'Configurations', 'Coretime Configurations', 'asd', '', 'DELETE'),
(8, 1, '2019-03-10 14:42:15', 'Configurations', 'Coretime Configurations', 'Core10', '', 'DELETE'),
(9, 1, '2019-03-10 14:42:19', 'Configurations', 'Coretime Configurations', 'CORE11', '', 'DELETE'),
(10, 1, '2019-03-10 14:42:23', 'Configurations', 'Coretime Configurations', 'Core2', '', 'DELETE'),
(11, 1, '2019-03-10 14:42:27', 'Configurations', 'Coretime Configurations', 'Core3', '', 'DELETE'),
(12, 1, '2019-03-10 14:42:31', 'Configurations', 'Coretime Configurations', 'Core4', '', 'DELETE'),
(13, 1, '2019-03-10 14:42:35', 'Configurations', 'Coretime Configurations', 'cORE6', '', 'DELETE'),
(14, 1, '2019-03-10 14:42:40', 'Configurations', 'Coretime Configurations', 'LastTest', '', 'DELETE'),
(15, 1, '2019-03-10 14:42:45', 'Configurations', 'Coretime Configurations', 'Test', '', 'DELETE'),
(16, 1, '2019-03-10 14:42:48', 'Configurations', 'Coretime Configurations', 'Testing', '', 'DELETE'),
(17, 1, '2019-03-10 15:04:22', 'Configurations', 'Designation Configurations', '', 'Testing', 'ADD'),
(18, 1, '2019-03-10 15:04:51', 'Configurations', 'Designation Configurations', 'Testing', 'Testing2', 'UPDATE'),
(19, 1, '2019-03-10 15:05:06', 'Configurations', 'Designation Configurations', 'Testing2', '', 'DELETE'),
(20, 1, '2019-03-10 15:05:41', 'Configurations', 'Position Configurations', '', 'Testing', 'ADD'),
(21, 1, '2019-03-10 15:06:02', 'Configurations', 'Position Configurations', 'Testing', 'Testingsss', 'UPDATE'),
(22, 1, '2019-03-10 15:06:17', 'Configurations', 'Position Configurations', 'Testingsss', '', 'DELETE'),
(23, 1, '2019-03-10 15:19:05', 'Configurations', 'Leave Configurations', '', 'Test', 'ADD'),
(24, 1, '2019-03-10 15:19:29', 'Configurations', 'Leave Configurations', 'Test', 'Test', 'UPDATE'),
(25, 1, '2019-03-10 15:19:45', 'Configurations', 'Coretime Configurations', 'Test', '', 'DELETE'),
(26, 1, '2019-03-10 18:00:22', 'Project Management', 'Project Management', '', 'Test', 'ADD'),
(27, 1, '2019-03-10 18:00:48', 'Project Management', 'Project Management', 'Test', 'Teste', 'UPDATE'),
(28, 1, '2019-03-10 18:01:01', 'Project Management', 'Project Management', 'Teste', '', 'DELETE'),
(29, 1, '2019-03-10 22:04:11', 'AED Employee', 'Add Employee', '', '190040', 'ADD'),
(30, 40, '2019-03-10 23:42:10', 'Configurations', 'Coretime Configurations', '', 'CoreTime2', 'ADD'),
(31, 40, '2019-03-10 23:43:13', 'Configurations', 'Position Configurations', '', 'Assistant', 'ADD'),
(32, 40, '2019-03-11 20:16:00', 'Project Management', 'Project Management', '', 'Admin', 'ADD'),
(33, 1, '2019-03-16 00:13:17', 'Configurations', 'Access Level Configurations', '', 'AuditTest', 'ADD'),
(34, 1, '2019-03-16 00:13:48', 'Configurations', 'Access Level Configurations', 'AuditTest', 'AuditTestss', 'UPDATE'),
(35, 1, '2019-03-16 00:14:18', 'Configurations', 'Access Level Configurations', 'AuditTestss', '', 'DELETE'),
(36, 1, '2019-03-16 00:18:34', 'Configurations', 'Access Level Configurations', '', 'Employee Access Level', 'ADD'),
(37, 1, '2019-03-16 00:20:32', 'Configurations', 'Access Level Configurations', 'Employee Access Level', 'Employee Access Level', 'UPDATE'),
(38, 1, '2019-03-16 00:20:47', 'Configurations', 'Access Level Configurations', 'Employee Access Level', 'Employee Access Level', 'UPDATE'),
(39, 1, '2019-03-16 00:26:52', 'Configurations', 'Access Level Configurations', 'Employee Access Level', '', 'DELETE'),
(40, 1, '2019-03-16 00:27:11', 'Configurations', 'Access Level Configurations', '', 'Employee Access Level', 'ADD'),
(41, 1, '2019-03-16 00:28:32', 'Configurations', 'Access Level Configurations', 'Employee Access Level', 'Employee Access Level', 'UPDATE'),
(42, 1, '2019-03-17 08:54:05', 'Configurations', 'Assign Leave Configurations', 'Sick Leave', 'Sick Leave', 'UPDATE'),
(43, 1, '2019-03-17 08:58:05', 'Configurations', 'Assign Leave Configurations', 'Vacation Leave', 'Vacation Leave', 'UPDATE'),
(44, 1, '2019-03-17 08:59:05', 'Configurations', 'Assign Leave Configurations', 'Vacation Leave', 'Vacation Leave', 'UPDATE'),
(45, 1, '2019-03-17 09:14:13', 'Configurations', 'Assign Leave Configurations', 'Vacation Leave', '', 'DELETE'),
(46, 1, '2019-03-17 09:21:34', 'Configurations', 'Assign Leave Configurations', 'Sick Leave', 'Sick Leave', 'UPDATE'),
(47, 1, '2019-03-17 09:22:03', 'Configurations', 'Assign Leave Configurations', 'Sick Leave', 'Sick Leave', 'UPDATE'),
(48, 1, '2019-03-17 16:38:16', 'Configurations', 'Assign Leave Configurations', 'Sick Leave', '', 'DELETE'),
(49, 1, '2019-03-17 16:48:22', 'Configurations', 'Assign Leave Configurations', '', 'Assigned Leave', 'ADD'),
(50, 1, '2019-03-17 16:48:32', 'Configurations', 'Assign Leave Configurations', 'Vacation Leave', '', 'DELETE'),
(51, 1, '2019-03-20 10:14:55', 'AED Employee', 'Add Employee', '', '190041', 'ADD'),
(52, 1, '2019-03-20 10:16:40', 'AED Employee', 'Add Employee', '', '190041', 'ADD'),
(53, 41, '2019-03-20 11:27:14', 'Project Management', 'Project Management', 'Admin', '', 'DELETE'),
(54, 1, '2019-03-22 17:44:20', 'AED Employee', 'Add Employee', '', '190042', 'ADD'),
(55, 40, '2019-03-22 23:32:02', 'Project Management', 'Project Management', '', 'Tech', 'ADD'),
(56, 40, '2019-03-22 23:42:37', 'Project Management', 'Project Management', 'Tech', 'Technical', 'UPDATE'),
(57, 40, '2019-03-22 23:47:31', 'Project Management', 'Project Management', 'Technical', '', 'DELETE'),
(58, 1, '2019-03-23 14:13:29', 'Configurations', 'Leave Configurations', '', 'Leave Ko', 'ADD'),
(59, 1, '2019-03-23 14:14:03', 'Configurations', 'Leave Configurations', 'Leave Ko', 'Additional Leave', 'UPDATE'),
(60, 1, '2019-03-23 14:16:56', 'Configurations', 'Assign Leave Configurations', '', 'Updated Vacation Leave for ', 'UPDATE'),
(61, 1, '2019-03-23 14:30:15', 'Configurations', 'Assign Leave Configurations', '', 'Assigned Leave for 190040', 'ADD'),
(62, 40, '2019-03-24 14:23:41', 'Configurations', 'Leave Configurations', 'Sick Leave', 'Sick Leave', 'UPDATE'),
(63, 40, '2019-03-24 14:23:47', 'Configurations', 'Leave Configurations', 'Vacation Leave', 'Vacation Leave', 'UPDATE'),
(64, 40, '2019-03-24 14:23:52', 'Configurations', 'Leave Configurations', 'Additional Leave', 'Additional Leave', 'UPDATE'),
(65, 40, '2019-03-24 14:26:50', 'Configurations', 'Assign Leave Configurations', 'Old Leave Assigned', 'Reset Leave Assigned', 'RESET LEAVE'),
(66, 40, '2019-03-24 14:33:24', 'AED Employee', 'Add Employee', '', '190043', 'ADD'),
(67, 43, '2019-03-24 14:37:13', 'Configurations', 'Leave Configurations', '', 'Sick Leave', 'ADD'),
(68, 43, '2019-03-24 14:37:21', 'Configurations', 'Leave Configurations', 'Sick Leave', 'Sick Leave', 'UPDATE'),
(69, 43, '2019-03-24 14:37:34', 'Configurations', 'Leave Configurations', 'Vacation Leave', 'Vacation Leave', 'UPDATE'),
(70, 43, '2019-03-24 14:38:33', 'Configurations', 'Leave Configurations', 'Sick Leave', '', 'DELETE'),
(71, 43, '2019-03-24 14:38:44', 'Configurations', 'Leave Configurations', '', 'Sick Leave', 'ADD'),
(72, 1, '2019-03-24 16:51:10', 'Configurations', 'Assign Leave Configurations', 'Old Leave Assigned', 'Reset Leave Assigned', 'RESET LEAVE'),
(73, 40, '2019-03-24 16:55:33', 'AED Employee', 'Add Employee', '', '190044', 'ADD'),
(74, 43, '2019-03-24 17:12:33', 'AED Employee', 'Add Employee', '', '190045', 'ADD'),
(75, 41, '2019-03-24 18:36:39', 'AED Employee', 'Add Employee', '', '190046', 'ADD'),
(76, 41, '2019-03-24 18:42:23', 'AED Employee', 'Add Employee', '', '190047', 'ADD'),
(77, 41, '2019-03-24 18:47:21', 'AED Employee', 'Add Employee', '', '190048', 'ADD'),
(78, 47, '2019-03-24 19:27:11', 'Configurations', 'Leave Configurations', '', 'Maternity Leave', 'ADD'),
(79, 45, '2019-03-24 19:41:26', 'Configurations', 'Access Level Configurations', '', 'Viewing', 'ADD'),
(80, 45, '2019-03-24 19:43:21', 'Configurations', 'Leave Configurations', '', 'Adoption Leave', 'ADD'),
(81, 45, '2019-03-24 19:44:19', 'Configurations', 'Access Level Configurations', 'Super Admin', 'Super Admin', 'UPDATE'),
(82, 1, '2019-03-24 22:45:50', 'Configurations', 'Assign Leave Configurations', '', 'Assigned Leave for 1', 'ADD'),
(83, 45, '2019-03-27 22:54:17', 'AED Employee', 'Add Employee', '', '190049', 'ADD'),
(84, 49, '2019-03-27 22:58:10', 'Configurations', 'Assign Leave Configurations', '', 'Assigned Leave for 40', 'ADD'),
(85, 49, '2019-03-27 22:58:18', 'Configurations', 'Assign Leave Configurations', '', 'Assigned Leave for 40', 'ADD'),
(86, 49, '2019-03-27 22:58:26', 'Configurations', 'Assign Leave Configurations', '', 'Assigned Leave for 40', 'ADD'),
(87, 49, '2019-03-27 22:59:35', 'Configurations', 'Assign Leave Configurations', '', 'Assigned Leave for 44', 'ADD'),
(88, 49, '2019-03-27 23:00:39', 'Configurations', 'Assign Leave Configurations', '', 'Assigned Leave for 43', 'ADD'),
(89, 49, '2019-03-27 23:01:15', 'Configurations', 'Assign Leave Configurations', '', 'Assigned Leave for 40', 'ADD'),
(90, 49, '2019-03-27 23:02:49', 'Configurations', 'Leave Configurations', 'Additional Leave', 'Additional Leave', 'UPDATE'),
(91, 43, '2019-05-14 14:40:53', 'Configurations', 'Designation Configurations', 'Admin', 'Admin', 'UPDATE'),
(92, 41, '2019-06-21 14:21:48', 'AED Employee', 'Add Employee', '', '190050', 'ADD'),
(93, 41, '2019-06-25 12:46:40', 'AED Employee', 'Add Employee', '', '190051', 'ADD'),
(94, 41, '2019-06-25 12:49:45', 'Configurations', 'Access Level Configurations', '', 'HR Access', 'ADD'),
(95, 41, '2019-06-25 18:31:59', 'AED Employee', 'Add Employee', '', '190052', 'ADD'),
(96, 52, '2019-06-25 18:43:59', 'AED Employee', 'Add Employee', '', '190053', 'ADD'),
(97, 53, '2019-06-25 18:55:27', 'AED Employee', 'Add Employee', '', '190054', 'ADD'),
(98, 53, '2019-06-25 19:00:24', 'AED Employee', 'Add Employee', '', '190055', 'ADD'),
(99, 53, '2019-06-25 19:07:29', 'AED Employee', 'Add Employee', '', '190056', 'ADD'),
(100, 49, '2019-07-12 13:40:42', 'Project Management', 'Project Management', '', 'Tech', 'ADD'),
(101, 49, '2019-07-12 13:53:54', 'Project Management', 'Project Management', 'Tech', '', 'DELETE'),
(102, 49, '2019-07-12 13:54:03', 'Project Management', 'Project Management', 'Employee Utilization', 'Employee Utilization', 'UPDATE'),
(103, 49, '2019-07-12 14:05:50', 'Project Management', 'Project Management', '', 'Technical', 'ADD'),
(104, 49, '2019-07-12 14:05:55', 'Project Management', 'Project Management', 'Technical', '', 'DELETE'),
(105, 49, '2019-07-12 16:43:50', 'Configurations', 'Leave Configurations', '', 'Mandatory Leave', 'ADD'),
(106, 49, '2019-07-12 16:48:04', 'Configurations', 'Leave Configurations', 'Mandatory Leave', 'Mandatory Leave', 'UPDATE'),
(107, 49, '2019-07-12 17:06:28', 'Configurations', 'Leave Configurations', 'Mandatory Leave', '', 'DELETE'),
(108, 49, '2019-07-16 14:42:23', 'Configurations', 'Assign Leave Configurations', '', 'Assigned Leave for 49', 'ADD'),
(109, 49, '2019-07-16 14:42:27', 'Configurations', 'Assign Leave Configurations', '', 'Assigned Leave for 49', 'ADD'),
(110, 49, '2019-07-16 14:42:41', 'Configurations', 'Assign Leave Configurations', '', 'Assigned Leave for 5', 'ADD'),
(111, 49, '2019-07-16 14:42:45', 'Configurations', 'Assign Leave Configurations', '', 'Assigned Leave for 5', 'ADD'),
(112, 49, '2019-07-16 15:04:15', 'Configurations', 'Assign Leave Configurations', '', 'Updated Leave Without Pay for ', 'UPDATE'),
(113, 49, '2019-07-16 15:08:11', 'Configurations', 'Assign Leave Configurations', '', 'Reset Vacation Leave for 46', 'UPDATE'),
(114, 49, '2019-07-16 15:23:47', 'Configurations', 'Assign Leave Configurations', 'Deleted Sick Leave for ', '', 'DELETE'),
(115, 49, '2019-07-16 15:43:39', 'Configurations', 'Access Level Configurations', '', 'Employee Access', 'ADD'),
(116, 49, '2019-07-16 15:43:54', 'Configurations', 'Access Level Configurations', 'Employee Access', '', 'DELETE'),
(117, 49, '2019-07-16 15:49:15', 'Configurations', 'Access Level Configurations', '', 'Employee Access', 'ADD'),
(118, 49, '2019-07-16 16:02:06', 'Configurations', 'Access Level Configurations', 'Employee Access', 'Employee Access', 'UPDATE'),
(119, 49, '2019-07-16 16:08:16', 'Configurations', 'Access Level Configurations', 'Employee Access', '', 'DELETE'),
(120, 49, '2019-07-16 16:16:24', 'Configurations', 'Designation Configurations', '', 'HR', 'ADD'),
(121, 49, '2019-07-16 16:24:04', 'Configurations', 'Designation Configurations', 'HR', 'Human Resource', 'UPDATE'),
(122, 49, '2019-07-16 16:40:08', 'Configurations', 'Position Configurations', '', 'Timekeeping ', 'ADD'),
(123, 49, '2019-07-16 16:48:20', 'Configurations', 'Position Configurations', 'Timekeeping ', 'Timekeeping ', 'UPDATE'),
(124, 49, '2019-07-16 16:52:37', 'Configurations', 'Position Configurations', 'Timekeeping ', '', 'DELETE'),
(125, 49, '2019-07-16 16:54:12', 'Configurations', 'Designation Configurations', 'Human Resource', '', 'DELETE'),
(126, 49, '2019-07-26 11:51:15', 'Configurations', 'Coretime Configurations', '', 'CoreTime3', 'ADD'),
(127, 43, '2019-07-26 13:51:57', 'AED Employee', 'Add Employee', '', '190057', 'ADD'),
(128, 52, '2019-07-29 12:19:05', 'AED Employee', 'Add Employee', '', '190058', 'ADD'),
(129, 52, '2019-08-01 15:45:04', 'AED Employee', 'Add Employee', '', '190059', 'ADD'),
(130, 52, '2019-08-02 14:08:21', 'Configurations', 'Assign Leave Configurations', '', 'Updated Vacation Leave for ', 'UPDATE'),
(131, 43, '2019-08-06 14:16:55', 'Configurations', 'Assign Leave Configurations', '', 'Assigned Leave for 43', 'ADD'),
(132, 43, '2019-08-06 14:17:24', 'Configurations', 'Assign Leave Configurations', '', 'Assigned Leave for 43', 'ADD'),
(133, 43, '2019-08-06 14:17:42', 'Configurations', 'Assign Leave Configurations', '', 'Assigned Leave for 43', 'ADD'),
(134, 41, '2019-08-07 11:26:29', 'AED Employee', 'Add Employee', '', '190060', 'ADD'),
(135, 41, '2019-08-07 11:29:13', 'AED Employee', 'Add Employee', '', '190060', 'ADD'),
(136, 41, '2019-08-15 15:36:33', 'Configurations', 'Access Level Configurations', 'HR Access', 'HR Access', 'UPDATE'),
(137, 49, '2019-08-16 07:24:51', 'AED Employee', 'Add Employee', '', '190061', 'ADD'),
(138, 40, '2019-08-19 13:08:48', 'Configurations', 'Leave Configurations', NULL, '', 'DELETE'),
(139, 40, '2019-08-19 13:14:46', 'Configurations', 'Leave Configurations', NULL, '', 'DELETE'),
(140, 41, '2019-08-19 20:39:15', 'Configurations', 'Leave Configurations', NULL, '', 'DELETE'),
(141, 58, '2019-08-21 16:32:55', 'Configurations', 'Access Level Configurations', 'Super Admin', 'Super Admin', 'UPDATE'),
(142, 58, '2019-08-21 17:15:10', 'Configurations', 'Access Level Configurations', '', 'Attendance Configs', 'ADD'),
(143, 58, '2019-08-21 17:16:42', 'Configurations', 'Access Level Configurations', 'Attendance Configs', '', 'DELETE');

-- --------------------------------------------------------

--
-- Table structure for table `tbl_auditLogs`
--

CREATE TABLE `tbl_auditLogs` (
  `id` int(11) NOT NULL,
  `modified_by_id` int(255) NOT NULL,
  `modified_timestamp` varchar(100) NOT NULL,
  `module` varchar(100) NOT NULL,
  `sub_module` varchar(100) NOT NULL,
  `old_data` varchar(100) DEFAULT NULL,
  `new_data` varchar(100) NOT NULL,
  `action` varchar(100) NOT NULL
) ENGINE=InnoDB DEFAULT CHARSET=latin1;

--
-- Dumping data for table `tbl_auditLogs`
--

INSERT INTO `tbl_auditLogs` (`id`, `modified_by_id`, `modified_timestamp`, `module`, `sub_module`, `old_data`, `new_data`, `action`) VALUES
(1, 1, '2019-03-10 14:20:27', 'Configurations', 'Coretime Configurations', '', 'asd', 'ADD'),
(2, 1, '2019-03-10 14:33:31', 'Configurations', 'Coretime Configurations', '', 'Test', 'ADD'),
(3, 1, '2019-03-10 14:39:30', 'Configurations', 'Coretime Configurations', 'asd', 'CORE11', 'UPDATE'),
(4, 1, '2019-03-10 14:41:10', 'Configurations', 'Coretime Configurations', NULL, '', 'DELETE'),
(5, 1, '2019-03-10 14:41:50', 'Configurations', 'Coretime Configurations', 'asd', '', 'DELETE'),
(6, 1, '2019-03-10 14:42:08', 'Configurations', 'Coretime Configurations', 'asd', '', 'DELETE'),
(7, 1, '2019-03-10 14:42:11', 'Configurations', 'Coretime Configurations', 'asd', '', 'DELETE'),
(8, 1, '2019-03-10 14:42:15', 'Configurations', 'Coretime Configurations', 'Core10', '', 'DELETE'),
(9, 1, '2019-03-10 14:42:19', 'Configurations', 'Coretime Configurations', 'CORE11', '', 'DELETE'),
(10, 1, '2019-03-10 14:42:23', 'Configurations', 'Coretime Configurations', 'Core2', '', 'DELETE'),
(11, 1, '2019-03-10 14:42:27', 'Configurations', 'Coretime Configurations', 'Core3', '', 'DELETE'),
(12, 1, '2019-03-10 14:42:31', 'Configurations', 'Coretime Configurations', 'Core4', '', 'DELETE'),
(13, 1, '2019-03-10 14:42:35', 'Configurations', 'Coretime Configurations', 'cORE6', '', 'DELETE'),
(14, 1, '2019-03-10 14:42:40', 'Configurations', 'Coretime Configurations', 'LastTest', '', 'DELETE'),
(15, 1, '2019-03-10 14:42:45', 'Configurations', 'Coretime Configurations', 'Test', '', 'DELETE'),
(16, 1, '2019-03-10 14:42:48', 'Configurations', 'Coretime Configurations', 'Testing', '', 'DELETE'),
(17, 1, '2019-03-10 15:04:22', 'Configurations', 'Designation Configurations', '', 'Testing', 'ADD'),
(18, 1, '2019-03-10 15:04:51', 'Configurations', 'Designation Configurations', 'Testing', 'Testing2', 'UPDATE'),
(19, 1, '2019-03-10 15:05:06', 'Configurations', 'Designation Configurations', 'Testing2', '', 'DELETE'),
(20, 1, '2019-03-10 15:05:41', 'Configurations', 'Position Configurations', '', 'Testing', 'ADD'),
(21, 1, '2019-03-10 15:06:02', 'Configurations', 'Position Configurations', 'Testing', 'Testingsss', 'UPDATE'),
(22, 1, '2019-03-10 15:06:17', 'Configurations', 'Position Configurations', 'Testingsss', '', 'DELETE'),
(23, 1, '2019-03-10 15:19:05', 'Configurations', 'Leave Configurations', '', 'Test', 'ADD'),
(24, 1, '2019-03-10 15:19:29', 'Configurations', 'Leave Configurations', 'Test', 'Test', 'UPDATE'),
(25, 1, '2019-03-10 15:19:45', 'Configurations', 'Coretime Configurations', 'Test', '', 'DELETE'),
(26, 1, '2019-03-10 18:00:22', 'Project Management', 'Project Management', '', 'Test', 'ADD'),
(27, 1, '2019-03-10 18:00:48', 'Project Management', 'Project Management', 'Test', 'Teste', 'UPDATE'),
(28, 1, '2019-03-10 18:01:01', 'Project Management', 'Project Management', 'Teste', '', 'DELETE'),
(29, 1, '2019-03-10 22:04:11', 'AED Employee', 'Add Employee', '', '190040', 'ADD'),
(30, 40, '2019-03-10 23:42:10', 'Configurations', 'Coretime Configurations', '', 'CoreTime2', 'ADD'),
(31, 40, '2019-03-10 23:43:13', 'Configurations', 'Position Configurations', '', 'Assistant', 'ADD'),
(32, 40, '2019-03-11 20:16:00', 'Project Management', 'Project Management', '', 'Admin', 'ADD'),
(33, 1, '2019-03-16 00:13:17', 'Configurations', 'Access Level Configurations', '', 'AuditTest', 'ADD'),
(34, 1, '2019-03-16 00:13:48', 'Configurations', 'Access Level Configurations', 'AuditTest', 'AuditTestss', 'UPDATE'),
(35, 1, '2019-03-16 00:14:18', 'Configurations', 'Access Level Configurations', 'AuditTestss', '', 'DELETE'),
(36, 1, '2019-03-16 00:18:34', 'Configurations', 'Access Level Configurations', '', 'Employee Access Level', 'ADD'),
(37, 1, '2019-03-16 00:20:32', 'Configurations', 'Access Level Configurations', 'Employee Access Level', 'Employee Access Level', 'UPDATE'),
(38, 1, '2019-03-16 00:20:47', 'Configurations', 'Access Level Configurations', 'Employee Access Level', 'Employee Access Level', 'UPDATE'),
(39, 1, '2019-03-16 00:26:52', 'Configurations', 'Access Level Configurations', 'Employee Access Level', '', 'DELETE'),
(40, 1, '2019-03-16 00:27:11', 'Configurations', 'Access Level Configurations', '', 'Employee Access Level', 'ADD'),
(41, 1, '2019-03-16 00:28:32', 'Configurations', 'Access Level Configurations', 'Employee Access Level', 'Employee Access Level', 'UPDATE'),
(42, 1, '2019-03-17 08:54:05', 'Configurations', 'Assign Leave Configurations', 'Sick Leave', 'Sick Leave', 'UPDATE'),
(43, 1, '2019-03-17 08:58:05', 'Configurations', 'Assign Leave Configurations', 'Vacation Leave', 'Vacation Leave', 'UPDATE'),
(44, 1, '2019-03-17 08:59:05', 'Configurations', 'Assign Leave Configurations', 'Vacation Leave', 'Vacation Leave', 'UPDATE'),
(45, 1, '2019-03-17 09:14:13', 'Configurations', 'Assign Leave Configurations', 'Vacation Leave', '', 'DELETE'),
(46, 1, '2019-03-17 09:21:34', 'Configurations', 'Assign Leave Configurations', 'Sick Leave', 'Sick Leave', 'UPDATE'),
(47, 1, '2019-03-17 09:22:03', 'Configurations', 'Assign Leave Configurations', 'Sick Leave', 'Sick Leave', 'UPDATE'),
(48, 1, '2019-03-17 16:38:16', 'Configurations', 'Assign Leave Configurations', 'Sick Leave', '', 'DELETE'),
(49, 1, '2019-03-17 16:48:22', 'Configurations', 'Assign Leave Configurations', '', 'Assigned Leave', 'ADD'),
(50, 1, '2019-03-17 16:48:32', 'Configurations', 'Assign Leave Configurations', 'Vacation Leave', '', 'DELETE'),
(51, 1, '2019-03-20 10:14:55', 'AED Employee', 'Add Employee', '', '190041', 'ADD'),
(52, 1, '2019-03-20 10:16:40', 'AED Employee', 'Add Employee', '', '190041', 'ADD'),
(53, 41, '2019-03-20 11:27:14', 'Project Management', 'Project Management', 'Admin', '', 'DELETE'),
(54, 1, '2019-03-22 17:44:20', 'AED Employee', 'Add Employee', '', '190042', 'ADD'),
(55, 40, '2019-03-22 23:32:02', 'Project Management', 'Project Management', '', 'Tech', 'ADD'),
(56, 40, '2019-03-22 23:42:37', 'Project Management', 'Project Management', 'Tech', 'Technical', 'UPDATE'),
(57, 40, '2019-03-22 23:47:31', 'Project Management', 'Project Management', 'Technical', '', 'DELETE'),
(58, 1, '2019-03-23 14:13:29', 'Configurations', 'Leave Configurations', '', 'Leave Ko', 'ADD'),
(59, 1, '2019-03-23 14:14:03', 'Configurations', 'Leave Configurations', 'Leave Ko', 'Additional Leave', 'UPDATE'),
(60, 1, '2019-03-23 14:16:56', 'Configurations', 'Assign Leave Configurations', '', 'Updated Vacation Leave for ', 'UPDATE'),
(61, 1, '2019-03-23 14:30:15', 'Configurations', 'Assign Leave Configurations', '', 'Assigned Leave for 190040', 'ADD'),
(62, 40, '2019-03-24 14:23:41', 'Configurations', 'Leave Configurations', 'Sick Leave', 'Sick Leave', 'UPDATE'),
(63, 40, '2019-03-24 14:23:47', 'Configurations', 'Leave Configurations', 'Vacation Leave', 'Vacation Leave', 'UPDATE'),
(64, 40, '2019-03-24 14:23:52', 'Configurations', 'Leave Configurations', 'Additional Leave', 'Additional Leave', 'UPDATE'),
(65, 40, '2019-03-24 14:26:50', 'Configurations', 'Assign Leave Configurations', 'Old Leave Assigned', 'Reset Leave Assigned', 'RESET LEAVE'),
(66, 40, '2019-03-24 14:33:24', 'AED Employee', 'Add Employee', '', '190043', 'ADD'),
(67, 43, '2019-03-24 14:37:13', 'Configurations', 'Leave Configurations', '', 'Sick Leave', 'ADD'),
(68, 43, '2019-03-24 14:37:21', 'Configurations', 'Leave Configurations', 'Sick Leave', 'Sick Leave', 'UPDATE'),
(69, 43, '2019-03-24 14:37:34', 'Configurations', 'Leave Configurations', 'Vacation Leave', 'Vacation Leave', 'UPDATE'),
(70, 43, '2019-03-24 14:38:33', 'Configurations', 'Leave Configurations', 'Sick Leave', '', 'DELETE'),
(71, 43, '2019-03-24 14:38:44', 'Configurations', 'Leave Configurations', '', 'Sick Leave', 'ADD'),
(72, 1, '2019-03-24 16:51:10', 'Configurations', 'Assign Leave Configurations', 'Old Leave Assigned', 'Reset Leave Assigned', 'RESET LEAVE'),
(73, 40, '2019-03-24 16:55:33', 'AED Employee', 'Add Employee', '', '190044', 'ADD'),
(74, 43, '2019-03-24 17:12:33', 'AED Employee', 'Add Employee', '', '190045', 'ADD'),
(75, 41, '2019-03-24 18:36:39', 'AED Employee', 'Add Employee', '', '190046', 'ADD'),
(76, 41, '2019-03-24 18:42:23', 'AED Employee', 'Add Employee', '', '190047', 'ADD'),
(77, 41, '2019-03-24 18:47:21', 'AED Employee', 'Add Employee', '', '190048', 'ADD'),
(78, 47, '2019-03-24 19:27:11', 'Configurations', 'Leave Configurations', '', 'Maternity Leave', 'ADD'),
(79, 45, '2019-03-24 19:41:26', 'Configurations', 'Access Level Configurations', '', 'Viewing', 'ADD'),
(80, 45, '2019-03-24 19:43:21', 'Configurations', 'Leave Configurations', '', 'Adoption Leave', 'ADD'),
(81, 45, '2019-03-24 19:44:19', 'Configurations', 'Access Level Configurations', 'Super Admin', 'Super Admin', 'UPDATE'),
(82, 1, '2019-03-24 22:45:50', 'Configurations', 'Assign Leave Configurations', '', 'Assigned Leave for 1', 'ADD'),
(83, 45, '2019-03-27 22:54:17', 'AED Employee', 'Add Employee', '', '190049', 'ADD'),
(84, 49, '2019-03-27 22:58:10', 'Configurations', 'Assign Leave Configurations', '', 'Assigned Leave for 40', 'ADD'),
(85, 49, '2019-03-27 22:58:18', 'Configurations', 'Assign Leave Configurations', '', 'Assigned Leave for 40', 'ADD'),
(86, 49, '2019-03-27 22:58:26', 'Configurations', 'Assign Leave Configurations', '', 'Assigned Leave for 40', 'ADD'),
(87, 49, '2019-03-27 22:59:35', 'Configurations', 'Assign Leave Configurations', '', 'Assigned Leave for 44', 'ADD'),
(88, 49, '2019-03-27 23:00:39', 'Configurations', 'Assign Leave Configurations', '', 'Assigned Leave for 43', 'ADD'),
(89, 49, '2019-03-27 23:01:15', 'Configurations', 'Assign Leave Configurations', '', 'Assigned Leave for 40', 'ADD'),
(90, 49, '2019-03-27 23:02:49', 'Configurations', 'Leave Configurations', 'Additional Leave', 'Additional Leave', 'UPDATE'),
(91, 43, '2019-05-14 14:40:53', 'Configurations', 'Designation Configurations', 'Admin', 'Admin', 'UPDATE'),
(92, 41, '2019-06-21 14:21:48', 'AED Employee', 'Add Employee', '', '190050', 'ADD'),
(93, 41, '2019-06-25 12:46:40', 'AED Employee', 'Add Employee', '', '190051', 'ADD'),
(94, 41, '2019-06-25 12:49:45', 'Configurations', 'Access Level Configurations', '', 'HR Access', 'ADD'),
(95, 41, '2019-06-25 18:31:59', 'AED Employee', 'Add Employee', '', '190052', 'ADD'),
(96, 52, '2019-06-25 18:43:59', 'AED Employee', 'Add Employee', '', '190053', 'ADD'),
(97, 53, '2019-06-25 18:55:27', 'AED Employee', 'Add Employee', '', '190054', 'ADD'),
(98, 53, '2019-06-25 19:00:24', 'AED Employee', 'Add Employee', '', '190055', 'ADD'),
(99, 53, '2019-06-25 19:07:29', 'AED Employee', 'Add Employee', '', '190056', 'ADD'),
(100, 49, '2019-07-12 13:40:42', 'Project Management', 'Project Management', '', 'Tech', 'ADD'),
(101, 49, '2019-07-12 13:53:54', 'Project Management', 'Project Management', 'Tech', '', 'DELETE'),
(102, 49, '2019-07-12 13:54:03', 'Project Management', 'Project Management', 'Employee Utilization', 'Employee Utilization', 'UPDATE'),
(103, 49, '2019-07-12 14:05:50', 'Project Management', 'Project Management', '', 'Technical', 'ADD'),
(104, 49, '2019-07-12 14:05:55', 'Project Management', 'Project Management', 'Technical', '', 'DELETE'),
(105, 49, '2019-07-12 16:43:50', 'Configurations', 'Leave Configurations', '', 'Mandatory Leave', 'ADD'),
(106, 49, '2019-07-12 16:48:04', 'Configurations', 'Leave Configurations', 'Mandatory Leave', 'Mandatory Leave', 'UPDATE'),
(107, 49, '2019-07-12 17:06:28', 'Configurations', 'Leave Configurations', 'Mandatory Leave', '', 'DELETE'),
(108, 49, '2019-07-16 14:42:23', 'Configurations', 'Assign Leave Configurations', '', 'Assigned Leave for 49', 'ADD'),
(109, 49, '2019-07-16 14:42:27', 'Configurations', 'Assign Leave Configurations', '', 'Assigned Leave for 49', 'ADD'),
(110, 49, '2019-07-16 14:42:41', 'Configurations', 'Assign Leave Configurations', '', 'Assigned Leave for 5', 'ADD'),
(111, 49, '2019-07-16 14:42:45', 'Configurations', 'Assign Leave Configurations', '', 'Assigned Leave for 5', 'ADD'),
(112, 49, '2019-07-16 15:04:15', 'Configurations', 'Assign Leave Configurations', '', 'Updated Leave Without Pay for ', 'UPDATE'),
(113, 49, '2019-07-16 15:08:11', 'Configurations', 'Assign Leave Configurations', '', 'Reset Vacation Leave for 46', 'UPDATE'),
(114, 49, '2019-07-16 15:23:47', 'Configurations', 'Assign Leave Configurations', 'Deleted Sick Leave for ', '', 'DELETE'),
(115, 49, '2019-07-16 15:43:39', 'Configurations', 'Access Level Configurations', '', 'Employee Access', 'ADD'),
(116, 49, '2019-07-16 15:43:54', 'Configurations', 'Access Level Configurations', 'Employee Access', '', 'DELETE'),
(117, 49, '2019-07-16 15:49:15', 'Configurations', 'Access Level Configurations', '', 'Employee Access', 'ADD'),
(118, 49, '2019-07-16 16:02:06', 'Configurations', 'Access Level Configurations', 'Employee Access', 'Employee Access', 'UPDATE'),
(119, 49, '2019-07-16 16:08:16', 'Configurations', 'Access Level Configurations', 'Employee Access', '', 'DELETE'),
(120, 49, '2019-07-16 16:16:24', 'Configurations', 'Designation Configurations', '', 'HR', 'ADD'),
(121, 49, '2019-07-16 16:24:04', 'Configurations', 'Designation Configurations', 'HR', 'Human Resource', 'UPDATE'),
(122, 49, '2019-07-16 16:40:08', 'Configurations', 'Position Configurations', '', 'Timekeeping ', 'ADD'),
(123, 49, '2019-07-16 16:48:20', 'Configurations', 'Position Configurations', 'Timekeeping ', 'Timekeeping ', 'UPDATE'),
(124, 49, '2019-07-16 16:52:37', 'Configurations', 'Position Configurations', 'Timekeeping ', '', 'DELETE'),
(125, 49, '2019-07-16 16:54:12', 'Configurations', 'Designation Configurations', 'Human Resource', '', 'DELETE'),
(126, 49, '2019-07-26 11:51:15', 'Configurations', 'Coretime Configurations', '', 'CoreTime3', 'ADD'),
(127, 43, '2019-07-26 13:51:57', 'AED Employee', 'Add Employee', '', '190057', 'ADD'),
(128, 52, '2019-07-29 12:19:05', 'AED Employee', 'Add Employee', '', '190058', 'ADD'),
(129, 52, '2019-08-01 15:45:04', 'AED Employee', 'Add Employee', '', '190059', 'ADD'),
(130, 52, '2019-08-02 14:08:21', 'Configurations', 'Assign Leave Configurations', '', 'Updated Vacation Leave for ', 'UPDATE'),
(131, 43, '2019-08-06 14:16:55', 'Configurations', 'Assign Leave Configurations', '', 'Assigned Leave for 43', 'ADD'),
(132, 43, '2019-08-06 14:17:24', 'Configurations', 'Assign Leave Configurations', '', 'Assigned Leave for 43', 'ADD'),
(133, 43, '2019-08-06 14:17:42', 'Configurations', 'Assign Leave Configurations', '', 'Assigned Leave for 43', 'ADD'),
(134, 41, '2019-08-07 11:26:29', 'AED Employee', 'Add Employee', '', '190060', 'ADD'),
(135, 41, '2019-08-07 11:29:13', 'AED Employee', 'Add Employee', '', '190060', 'ADD'),
(136, 41, '2019-08-15 15:36:33', 'Configurations', 'Access Level Configurations', 'HR Access', 'HR Access', 'UPDATE'),
(137, 49, '2019-08-16 07:24:51', 'AED Employee', 'Add Employee', '', '190061', 'ADD'),
(138, 40, '2019-08-19 13:08:48', 'Configurations', 'Leave Configurations', NULL, '', 'DELETE'),
(139, 40, '2019-08-19 13:14:46', 'Configurations', 'Leave Configurations', NULL, '', 'DELETE'),
(140, 41, '2019-08-19 20:39:15', 'Configurations', 'Leave Configurations', NULL, '', 'DELETE'),
(141, 58, '2019-08-21 16:32:55', 'Configurations', 'Access Level Configurations', 'Super Admin', 'Super Admin', 'UPDATE'),
(142, 58, '2019-08-21 17:15:10', 'Configurations', 'Access Level Configurations', '', 'Attendance Configs', 'ADD'),
(143, 58, '2019-08-21 17:16:42', 'Configurations', 'Access Level Configurations', 'Attendance Configs', '', 'DELETE'),
(144, 58, '2019-09-18 15:11:05', 'Configurations', 'Leave Configurations', '', 'Leave You', 'ADD'),
(145, 58, '2019-09-18 15:12:54', 'Configurations', 'Assign Leave Configurations', '', 'Assigned Leave for 59', 'ADD'),
(146, 58, '2019-09-29 19:36:50', 'Configurations', 'Leave Configurations', '', 'Emergency Leave', 'ADD'),
(147, 58, '2019-09-29 19:37:56', 'Configurations', 'Leave Configurations', 'Emergency Leave', 'Emergency Leave', 'UPDATE'),
(148, 58, '2019-09-29 19:43:52', 'Configurations', 'Leave Configurations', 'Emergency Leave', '', 'DELETE'),
(149, 58, '2019-09-29 20:11:52', 'Configurations', 'Assign Leave Configurations', '', 'Assigned Leave for 59', 'ADD'),
(150, 41, '2019-09-30 17:09:55', 'Configurations', 'Assign Leave Configurations', '', 'Assigned Leave for 41', 'ADD'),
(151, 41, '2019-09-30 17:10:11', 'Configurations', 'Assign Leave Configurations', '', 'Assigned Leave for 41', 'ADD'),
(152, 41, '2019-09-30 17:10:21', 'Configurations', 'Assign Leave Configurations', '', 'Assigned Leave for 41', 'ADD'),
(153, 41, '2019-10-01 16:44:40', 'Configurations', 'Assign Leave Configurations', '', 'Assigned Leave for 41', 'ADD'),
(154, 41, '2019-10-01 16:46:04', 'Configurations', 'Assign Leave Configurations', 'Deleted Leave You for ', '', 'DELETE'),
(155, 58, '2019-10-01 18:34:03', 'Configurations', 'Assign Leave Configurations', '', 'Assigned Leave for 59', 'ADD'),
(156, 58, '2019-10-01 18:37:24', 'Configurations', 'Assign Leave Configurations', '', 'Reset Additional Leave for 59', 'UPDATE'),
(157, 58, '2019-10-01 18:37:54', 'Configurations', 'Assign Leave Configurations', '', 'Updated Additional Leave for ', 'UPDATE'),
(158, 58, '2019-10-01 18:48:24', 'Configurations', 'Assign Leave Configurations', 'Deleted Additional Leave for ', '', 'DELETE'),
(159, 60, '2019-10-02 07:47:00', 'AED Employee', 'Add Employee', '', '190062', 'ADD'),
(160, 51, '2019-10-02 07:56:40', 'AED Employee', 'Add Employee', '', '190063', 'ADD'),
(161, 51, '2019-10-02 07:59:10', 'AED Employee', 'Add Employee', '', '190063', 'ADD'),
(162, 58, '2019-10-08 16:36:54', 'Configurations', 'Leave Configurations', 'Adoption Leave', '', 'DELETE'),
(163, 58, '2019-10-09 18:28:01', 'Configurations', 'Assign Leave Configurations', '', 'Assigned Leave for 59', 'ADD'),
(164, 58, '2019-10-09 18:31:58', 'Configurations', 'Assign Leave Configurations', 'Deleted Maternity Leave for ', '', 'DELETE'),
(165, 58, '2019-10-09 18:45:53', 'Configurations', 'Assign Leave Configurations', 'Deleted Leave You for ', '', 'DELETE'),
(166, 58, '2019-10-09 21:00:37', 'Configurations', 'Assign Leave Configurations', 'Old Leave Assigned', 'Reset Leave Assigned', 'RESET LEAVE'),
(167, 58, '2019-10-09 21:02:44', 'Configurations', 'Assign Leave Configurations', 'Old Leave Assigned', 'Reset Leave Assigned', 'RESET LEAVE'),
(168, 58, '2019-10-09 21:04:18', 'Configurations', 'Leave Configurations', '', 'Adoption Leave', 'ADD'),
(169, 58, '2019-10-09 21:05:24', 'Configurations', 'Assign Leave Configurations', '', 'Assigned Leave for 59', 'ADD'),
(170, 1, '2019-10-16 11:26:58', 'Configurations', 'Assign Leave Configurations', '', 'Assigned Leave for 4', 'ADD'),
(171, 58, '2019-10-22 21:28:36', 'Configurations', 'Assign Leave Configurations', '', 'Assigned Leave for 59', 'ADD'),
(172, 58, '2019-10-23 23:49:59', 'Configurations', 'Assign Leave Configurations', 'Deleted Maternity Leave for ', '', 'DELETE'),
(173, 58, '2019-10-23 23:52:00', 'Configurations', 'Assign Leave Configurations', 'Old Leave Assigned', 'Reset Leave Assigned', 'RESET LEAVE'),
(174, 40, '2019-10-24 14:53:02', 'Configurations', 'Assign Leave Configurations', '', 'Reset Vacation Leave for 59', 'UPDATE'),
(175, 40, '2019-10-24 15:00:42', 'Configurations', 'Assign Leave Configurations', '', 'Assigned Leave for 59', 'ADD'),
(176, 40, '2019-10-24 15:14:34', 'Configurations', 'Assign Leave Configurations', 'Old Leave Assigned', 'Reset Leave Assigned', 'RESET LEAVE'),
(177, 40, '2019-10-24 15:52:40', 'Configurations', 'Leave Configurations', '', ' ', 'ADD'),
(178, 40, '2019-10-24 15:53:09', 'Configurations', 'Leave Configurations', ' ', '', 'DELETE'),
(179, 40, '2019-10-24 16:49:57', 'AED Employee', 'Add Employee', '', '190064', 'ADD'),
(180, 40, '2019-10-30 16:46:42', 'Configurations', 'Assign Leave Configurations', 'Old Leave Assigned', 'Reset Leave Assigned', 'RESET LEAVE'),
(181, 58, '2019-11-14 00:40:44', 'Project Management', 'Project Management', '', 'CALI', 'ADD'),
(182, 58, '2019-11-14 00:42:48', 'Project Management', 'Project Management', 'CALI', 'CALIWA', 'UPDATE'),
(183, 58, '2019-11-14 00:44:49', 'Project Management', 'Project Management', 'CALIWA', '', 'DELETE'),
(184, 40, '2019-11-15 06:06:53', 'Configurations', 'Assign Leave Configurations', 'Old Leave Assigned', 'Reset Leave Assigned', 'RESET LEAVE'),
(185, 40, '2019-11-15 06:08:47', 'Configurations', 'Assign Leave Configurations', '', 'Reset Leave Without Pay for 55', 'UPDATE'),
(186, 40, '2019-11-15 06:25:01', 'Project Management', 'Project Management', 'Admin', 'Admin', 'UPDATE'),
(187, 40, '2019-11-15 06:28:25', 'Configurations', 'Access Level Configurations', 'Admin', 'Admin', 'UPDATE'),
(188, 40, '2019-11-15 06:29:01', 'Configurations', 'Access Level Configurations', '', 'Special Access', 'ADD'),
(189, 40, '2019-11-23 08:22:48', 'Configurations', 'Leave Configurations', '', 'Test Leave', 'ADD'),
(190, 40, '2019-11-23 08:25:05', 'Configurations', 'Leave Configurations', 'Additional Leave', 'Additional Leave', 'UPDATE'),
(191, 40, '2019-11-23 08:36:31', 'Configurations', 'Assign Leave Configurations', 'Old Leave Assigned', 'Reset Leave Assigned', 'RESET LEAVE'),
(192, 40, '2019-11-23 08:41:20', 'Configurations', 'Assign Leave Configurations', '', 'Reset Vacation Leave for 50', 'UPDATE'),
(193, 40, '2019-11-23 08:41:50', 'Configurations', 'Assign Leave Configurations', '', 'Updated Leave Without Pay for ', 'UPDATE'),
(194, 40, '2019-11-23 08:42:56', 'Configurations', 'Assign Leave Configurations', '', 'Updated Leave Without Pay for ', 'UPDATE'),
(195, 40, '2019-11-23 08:43:49', 'Configurations', 'Assign Leave Configurations', '', 'Updated Leave Without Pay for ', 'UPDATE'),
(196, 40, '2019-11-23 08:44:27', 'Configurations', 'Assign Leave Configurations', '', 'Updated Leave Without Pay for ', 'UPDATE'),
(197, 40, '2019-11-23 08:46:42', 'Configurations', 'Assign Leave Configurations', 'Deleted Sick Leave for ', '', 'DELETE'),
(198, 40, '2019-11-23 08:47:22', 'Configurations', 'Assign Leave Configurations', 'Deleted Sick Leave for ', '', 'DELETE'),
(199, 40, '2019-11-23 08:50:21', 'Configurations', 'Access Level Configurations', '', 'Test Level', 'ADD'),
(200, 40, '2019-11-23 08:51:58', 'Configurations', 'Designation Configurations', 'Admin', 'Admin', 'UPDATE'),
(201, 40, '2019-11-23 08:52:34', 'Configurations', 'Designation Configurations', 'Admin', '', 'DELETE'),
(202, 40, '2019-11-23 08:54:45', 'Project Management', 'Project Management', '', 'Test Project', 'ADD'),
(203, 40, '2020-09-30 12:11:56', 'AED Employee', 'Add Employee', '', '200065', 'ADD'),
(204, 65, '2020-09-30 13:18:05', 'AED Employee', 'Add Employee', '', '200066', 'ADD'),
(205, 65, '2020-09-30 16:47:44', 'AED Employee', 'Add Employee', '', '200067', 'ADD'),
(206, 65, '2020-09-30 16:51:29', 'AED Employee', 'Add Employee', '', '200067', 'ADD'),
(207, 65, '2020-09-30 16:55:24', 'AED Employee', 'Add Employee', '', '200067', 'ADD'),
(208, 65, '2020-10-02 17:17:12', 'AED Employee', 'Add Employee', '', '200068', 'ADD'),
(209, 65, '2020-10-06 09:51:18', 'AED Employee', 'Add Employee', '', '200069', 'ADD'),
(210, 65, '2020-10-06 10:58:34', 'AED Employee', 'Add Employee', '', '200070', 'ADD'),
(211, 65, '2020-10-06 11:09:13', 'AED Employee', 'Add Employee', '', '200070', 'ADD'),
(212, 65, '2020-10-06 11:20:36', 'AED Employee', 'Add Employee', '', '200070', 'ADD'),
(213, 65, '2020-10-06 11:25:40', 'AED Employee', 'Add Employee', '', '200071', 'ADD'),
(214, 65, '2020-10-06 11:56:33', 'AED Employee', 'Add Employee', '', '200072', 'ADD'),
(215, 65, '2020-10-06 12:15:39', 'AED Employee', 'Add Employee', '', '200073', 'ADD'),
(216, 65, '2020-10-06 12:34:42', 'AED Employee', 'Add Employee', '', '200074', 'ADD'),
(217, 65, '2020-10-06 13:14:05', 'AED Employee', 'Add Employee', '', '200075', 'ADD'),
(218, 65, '2020-10-06 13:19:28', 'AED Employee', 'Add Employee', '', '200076', 'ADD'),
(219, 65, '2020-10-06 13:30:21', 'AED Employee', 'Add Employee', '', '200077', 'ADD'),
(220, 65, '2020-10-06 13:47:54', 'AED Employee', 'Add Employee', '', '200078', 'ADD'),
(221, 65, '2020-10-06 13:52:55', 'AED Employee', 'Add Employee', '', '200079', 'ADD'),
(222, 65, '2020-10-06 13:56:31', 'AED Employee', 'Add Employee', '', '200080', 'ADD'),
(223, 65, '2020-10-06 14:18:08', 'AED Employee', 'Add Employee', '', '200081', 'ADD'),
(224, 65, '2020-10-06 14:55:13', 'AED Employee', 'Add Employee', '', '200082', 'ADD'),
(225, 65, '2020-10-06 15:14:19', 'AED Employee', 'Add Employee', '', '200083', 'ADD'),
(226, 65, '2020-10-06 15:23:16', 'AED Employee', 'Add Employee', '', '200084', 'ADD'),
(227, 65, '2020-10-06 23:27:25', 'AED Employee', 'Add Employee', '', '200085', 'ADD'),
(228, 65, '2020-10-07 14:20:36', 'Configurations', 'Access Level Configurations', 'HR Access', 'HR Access', 'UPDATE'),
(229, 65, '2020-10-07 14:25:32', 'Configurations', 'Access Level Configurations', 'HR Access', 'HR Access', 'UPDATE'),
(230, 65, '2020-10-07 14:28:52', 'Configurations', 'Access Level Configurations', 'HR Access', 'HR Access', 'UPDATE'),
(231, 65, '2020-10-07 14:32:01', 'Configurations', 'Access Level Configurations', '', 'Supreme Ruler', 'ADD'),
(232, 65, '2020-10-07 14:32:46', 'Configurations', 'Access Level Configurations', 'Super Admin', 'Super Admin', 'UPDATE'),
(233, 65, '2020-10-07 14:34:39', 'Configurations', 'Access Level Configurations', '', 'Attendance Config', 'ADD'),
(234, 65, '2020-10-07 14:35:26', 'Configurations', 'Access Level Configurations', 'HR Access', 'HR Access', 'UPDATE'),
(235, 65, '2020-10-07 14:46:21', 'Configurations', 'Access Level Configurations', 'Attendance Config', 'Attendance Config Only', 'UPDATE'),
(236, 65, '2020-10-07 15:15:57', 'Configurations', 'Access Level Configurations', 'Attendance Config Only', 'Attendance Config Only', 'UPDATE');

-- --------------------------------------------------------

--
-- Table structure for table `tbl_coretime`
--

CREATE TABLE `tbl_coretime` (
  `coreTimeID` int(11) NOT NULL,
  `coretimeName` varchar(100) NOT NULL,
  `timeIn` time NOT NULL,
  `timeOut` time NOT NULL
) ENGINE=InnoDB DEFAULT CHARSET=latin1;

--
-- Dumping data for table `tbl_coretime`
--

INSERT INTO `tbl_coretime` (`coreTimeID`, `coretimeName`, `timeIn`, `timeOut`) VALUES
(1, 'CoreTime 1', '14:00:00', '23:00:00'),
(15, 'CoreTime2', '07:00:00', '04:00:00'),
(16, 'CoreTime3', '12:00:00', '13:00:00');

-- --------------------------------------------------------

--
-- Table structure for table `tbl_department`
--

CREATE TABLE `tbl_department` (
  `departmentID` int(11) NOT NULL,
  `departmentName` varchar(100) NOT NULL
) ENGINE=InnoDB DEFAULT CHARSET=latin1;

--
-- Dumping data for table `tbl_department`
--

INSERT INTO `tbl_department` (`departmentID`, `departmentName`) VALUES
(1, 'Executive'),
(3, 'Management'),
(4, 'Technical'),
(5, 'Finance');

-- --------------------------------------------------------

--
-- Table structure for table `tbl_dependents`
--

CREATE TABLE `tbl_dependents` (
  `dependentsID` int(100) NOT NULL,
  `employeeCode` varchar(255) NOT NULL,
  `dependentName` varchar(100) NOT NULL,
  `dependentRelation` varchar(100) NOT NULL
) ENGINE=InnoDB DEFAULT CHARSET=latin1;

--
-- Dumping data for table `tbl_dependents`
--

INSERT INTO `tbl_dependents` (`dependentsID`, `employeeCode`, `dependentName`, `dependentRelation`) VALUES
(1, '18005', 'Bryan', ''),
(2, '18005', 'Bryan', ''),
(3, '18005', 'Bryan', ''),
(4, '18005', 'Bryan', ''),
(5, '18005', 'Bryan', ''),
(6, '18005', 'Test', ''),
(7, '18005', 'Test', ''),
(8, '18005', 'Test', ''),
(9, '18005', 'Test', ''),
(10, '18005', 'Test', ''),
(11, '180010', 'Ji', 'Spouse'),
(12, '180011', 'Ji', 'Spouse'),
(13, '180012', 'Isha', 'Mother'),
(14, '180013', 'Drey', 'Father'),
(15, '180014', 'D', 'Child'),
(16, '180015', 'D', 'Mother'),
(17, '180016', 'Dr', 'Child'),
(18, '190017', '', ''),
(19, '190018', '', ''),
(20, '190019', '', ''),
(21, '190020', '', ''),
(22, '190021', '', ''),
(23, '190022', '', ''),
(24, '190023', '', ''),
(25, '190024', '', ''),
(26, '190025', '', ''),
(27, '190026', '', ''),
(28, '190027', '', ''),
(29, '190028', '', ''),
(30, '190029', '', ''),
(31, '190030', '', ''),
(32, '190031', '', ''),
(33, '190032', '', ''),
(34, '190033', '', ''),
(35, '190034', '', ''),
(36, '190035', '', ''),
(37, '190036', '', ''),
(38, '190037', '', ''),
(39, '190038', '', ''),
(40, '190039', '', ''),
(41, '190040', '', ''),
(42, '190041', '', ''),
(43, '190042', '', ''),
(44, '190043', '', ''),
(45, '190044', '', ''),
(46, '190045', '', ''),
(47, '190046', '', ''),
(48, '190047', '', ''),
(49, '190048', '', ''),
(50, '190049', '', ''),
(51, '190050', '', ''),
(52, '190051', '', ''),
(53, '190052', '', ''),
(54, '190053', '', ''),
(55, '190054', '', ''),
(56, '190055', '', ''),
(57, '190056', '', ''),
(58, '190057', '', ''),
(59, '190058', '', ''),
(60, '190059', '', ''),
(61, '190060', '', ''),
(62, '190061', '', ''),
(63, '190062', '', ''),
(64, '190063', '', ''),
(65, '190064', '', ''),
(66, '200065', '', ''),
(67, '200066', '', ''),
(68, '200067', '', ''),
(69, '200068', '', ''),
(70, '200069', '', ''),
(71, '200070', '', ''),
(72, '200071', '', ''),
(73, '200072', '', ''),
(74, '200073', '', ''),
(75, '200074', '', ''),
(76, '200075', '', ''),
(77, '200076', '', ''),
(78, '200077', '', ''),
(79, '200078', '', ''),
(80, '200079', '', ''),
(81, '200080', '', ''),
(82, '200081', '', ''),
(83, '200082', '', ''),
(84, '200083', '', ''),
(85, '200084', '', ''),
(86, '200085', '', '');

-- --------------------------------------------------------

--
-- Table structure for table `tbl_emails`
--

CREATE TABLE `tbl_emails` (
  `employeeEmailID` int(255) NOT NULL,
  `employeeID` int(255) NOT NULL,
  `email` varchar(255) NOT NULL
) ENGINE=InnoDB DEFAULT CHARSET=latin1;

-- --------------------------------------------------------

--
-- Table structure for table `tbl_employees`
--

CREATE TABLE `tbl_employees` (
  `employeeID` int(255) NOT NULL,
  `employeeCode` varchar(100) NOT NULL,
  `firstName` varchar(50) NOT NULL,
  `lastName` varchar(50) NOT NULL,
  `middleName` varchar(50) NOT NULL,
  `age` int(25) NOT NULL,
  `gender` varchar(20) NOT NULL,
  `civilStatus` varchar(25) NOT NULL,
  `emailAddress` varchar(50) NOT NULL,
  `pagibigID` varchar(255) NOT NULL,
  `username` varchar(50) CHARACTER SET latin1 COLLATE latin1_general_cs NOT NULL,
  `password` varchar(255) NOT NULL,
  `accessLevel` int(2) NOT NULL,
  `birthdate` date NOT NULL,
  `address` varchar(255) NOT NULL,
  `contactInfo` varchar(20) NOT NULL,
  `positionID` int(11) NOT NULL,
  `departmentID` int(11) NOT NULL,
  `coreTimeID` int(11) NOT NULL,
  `dateHired` date NOT NULL,
  `dateTerminated` date NOT NULL,
  `photo` varchar(512) NOT NULL,
  `sssID` varchar(100) NOT NULL,
  `philhealthID` varchar(100) NOT NULL,
  `tinID` varchar(100) NOT NULL,
  `reportingTo` varchar(255) NOT NULL,
  `status` varchar(50) NOT NULL,
  `dateAdded` date NOT NULL,
  `whoAdded` varchar(255) NOT NULL,
  `employee_attendanceLimit` int(11) NOT NULL,
  `attendanceDetails_ID` int(11) NOT NULL
) ENGINE=InnoDB DEFAULT CHARSET=latin1;

--
-- Dumping data for table `tbl_employees`
--

INSERT INTO `tbl_employees` (`employeeID`, `employeeCode`, `firstName`, `lastName`, `middleName`, `age`, `gender`, `civilStatus`, `emailAddress`, `pagibigID`, `username`, `password`, `accessLevel`, `birthdate`, `address`, `contactInfo`, `positionID`, `departmentID`, `coreTimeID`, `dateHired`, `dateTerminated`, `photo`, `sssID`, `philhealthID`, `tinID`, `reportingTo`, `status`, `dateAdded`, `whoAdded`, `employee_attendanceLimit`, `attendanceDetails_ID`) VALUES
(1, '18001', 'Jhanz', 'Esmena', 'k', 20, 'Male', 'Single', 'jhaaanz@gmail.com', '0000-0000-0000', 'admin', 'coresys', 1, '1998-02-23', 'Taguig City2', '(63)092-7472-725', 1, 1, 1, '2018-09-05', '0000-00-00', '1551972805.jpeg', '00-0000000-1', '0000-0000-0000', '000-000-000-000', '7', 'Regular', '2018-09-23', '1', 20, 1),
(4, 'E0004', 'Ivan', 'Caliao', 'Canendo', 23, 'Male', 'Single', 'caliao.ivanchristian@ue.edu.ph', '3284-9273-8947-8973', 'E0004', 'NQZ861293470', 1, '1995-03-14', 'Sucat', '09369281801', 2, 1, 1, '2018-09-27', '0000-00-00', '1538046691.png', '23-7948279-4', '3434-3434-3434-3433', '123-123-123-123', '1', 'Probation', '2018-09-27', '18001', 20, 1),
(5, '18100', 'Teddy', 'Corpuz', '', 35, 'Male', 'Single', 'cor@gmail.com', 'sdfsd', '18005', 'test', 1, '1998-02-23', 'Manila ', '', 3, 2, 1, '2018-09-23', '0000-00-00', '', 'sdfsdfsdfs', 'fsdfsd', 'sdfsd', '1', 'Regular', '2018-09-23', '1', 20, 1),
(6, '18101', 'John', 'Cena', '', 20, 'Male', 'Single', 'cen@gmail.com', '', '18006', 'testing', 1, '1998-02-23', 'Taguig City', '', 5, 3, 1, '2018-09-16', '0000-00-00', '1551379422.jpeg', '', '', '', '1', 'Regular', '2018-09-23', '1', 20, 1),
(7, '18102', 'Drake', 'Padilla', '', 20, 'Male', 'Single', 'drake@gmail.com', '', '18007', 'drake', 1, '1998-02-23', 'San Juan City', '', 6, 4, 1, '2018-09-23', '0000-00-00', '', '', '', '', '1', 'Regular', '2018-09-23', '1', 20, 1),
(8, '18005', 'Aaron', 'Pulido', 'Christian', 18, 'Male', 'Single', 'pulido@gmail.com', '6406-4302-1654', '18005', 'HGD250938764', 2, '2000-09-21', 'Quezon City', '(63)927-4727-257', 10, 4, 0, '2018-09-29', '0000-00-00', '1538165881.jpg', '40-6498706-5', '0684-6818-6468', '645-648-945-646', '7', 'Regular', '2018-09-29', '18001', 20, 1),
(9, '18006', 'Michael', 'Kors', '', 18, 'Male', 'Widowed', 'kors@gmail.com', '6464-6568-4684', '18005', 'WLQ836209715', 2, '2000-09-11', 'America', '(63)448-9616-846', 4, 3, 0, '2018-09-19', '0000-00-00', '1538166109.jpg', '40-6846568-4', '8464-5068-4064', '460-465-665-465', '6', 'Probation', '2018-09-29', '18001', 20, 1),
(10, '180010', 'John', 'Doe', '', 18, 'Male', 'Single', 'doe@gmail.com', '6546-0670-6468', '180010', 'ZKG069483172', 1, '2000-09-14', 'Manila', '(63)464-8486-684', 9, 4, 1, '2018-09-28', '0000-00-00', '1538166649.jpg', '54-6054684-0', '8406-8468-4068', '454-654-684-687', '7', 'Probation', '2018-09-29', '18001', 20, 1),
(11, '180011', 'John', 'Doe', '', 18, 'Male', 'Single', 'doe@gmail.com', '6546-0670-6468', '180011', 'VOZ530286971', 1, '2000-09-14', 'Manila', '(63)464-8486-684', 9, 4, 1, '2018-09-28', '0000-00-00', '1538166669.jpg', '54-6054684-0', '8406-8468-4068', '454-654-684-687', '7', 'Probation', '2018-09-29', '18001', 20, 1),
(12, '180012', 'Jane', 'Criss', 'P', 18, 'Male', 'Single', 'june@gmail.com', '3333-3333-3333', '180012', 'VTW267198453', 1, '2000-06-14', 'Olongapo City', '(63)098-7646-498', 3, 2, 1, '2018-10-05', '0000-00-00', '1538167016.jpg', '11-1111111-1', '2222-2222-2222', '444-444-444-444', '5', 'Probation', '2018-09-29', '18001', 20, 1),
(13, '180013', 'John', 'Doe', '', 0, 'Male', 'Single', 'doee@gmail.com', '0465-4654-4065', '180013', 'ISM408125639', 1, '0000-00-00', 'Taguig City', '(63)870-8765-468', 1, 1, 1, '0000-00-00', '0000-00-00', '1538177889.jpg', '56-0456456-0', '0646-5406-4506', '546-480-645-640', '1', 'Probation', '2018-09-29', '180012', 20, 1),
(14, '180014', 'De', 'Kay', '', 18, 'Female', 'Single', 'kay@gmail.com', '1231-5123-1251', '180014', 'AYF789231640', 2, '2000-09-14', 'Manila', '(63)976-1546-478', 10, 4, 1, '2018-09-21', '0000-00-00', '1538177975.jpg', '12-3151231-2', '1231-4123-1231', '131-412-312-431', '7', 'Probation', '2018-09-29', '180012', 20, 1),
(15, '180015', 'Si', 'Wa', 'Lei', 18, 'Male', 'Single', 'jkkkk@gmail.com', '1231-2431-2412', '180015', 'ITE041936725', 1, '2000-09-22', 'Manila', '(63)918-6165-848', 6, 4, 1, '2018-09-20', '0000-00-00', '1538178072.jpg', '12-3141231-2', '1231-2412-4123', '123-141-231-241', '7', 'Probation', '2018-09-29', '180012', 20, 1),
(16, '180016', 'Roxelle', 'Reyes', '', 18, 'Male', 'Single', 'gm@gmail.com', '1231-4123-1333', '180016', 'CZS513967024', 2, '2000-03-08', 'Manila', '(63)924-6876-468', 10, 4, 1, '2018-09-20', '0000-00-00', '1538178828.jpg', '12-3141231-2', '1231-2412-3124', '123-112-312-412', '15', 'Probation', '2018-09-29', '180015', 20, 1),
(17, '190017', 'eqweqwe', 'qweqw', 'qweqwe', 0, 'Male', 'Single', '123123@gmail.com', '1   -    -    ', '190017', 'LNB986170532', 2, '0000-00-00', '123213', '123123123', 2, 1, 0, '0000-00-00', '0000-00-00', '1548248236.png', '  -       - ', '    -    -    ', '   -   -   -   ', '4', 'Probation', '2019-01-23', '18001', 20, 1),
(18, '190018', '3123', '1213123', '123123', 0, 'Female', 'Married', '123123@gmail.com', '    -    -    ', '190018', 'SYX749256108', 1, '0000-00-00', '123123', '123123', 3, 2, 1, '0000-00-00', '0000-00-00', '1548248427.png', '  -       - ', '    -    -    ', '   -   -   -   ', '5', 'Probation', '2019-01-23', '18001', 20, 1),
(19, '190019', 'qwe', 'qwe', '123', 0, 'Male', 'Single', 'qwqewq@gmail.com', '    -    -    ', '190019', 'AQF354086972', 2, '0000-00-00', 'qwewqe', '1231', 5, 3, 1, '0000-00-00', '0000-00-00', '1548318175.png', '  -       - ', '    -    -    ', '   -   -   -   ', '6', 'Probation', '2019-01-24', '18001', 20, 1),
(20, '190020', 'Testing', 'Test', '', 0, 'Male', 'Single', 'j@gmail.com', '    -    -    ', '190020', 'WDG723061485', 0, '0000-00-00', 'Test', '123123123123', 1, 1, 1, '0000-00-00', '0000-00-00', '1550672730.png', '  -       - ', '    -    -    ', '   -   -   -   ', '1', 'Probation', '2019-02-20', '18001', 20, 1),
(21, '190021', 'jlkawjlkj', 'qwe', 'lkjqwlejlkqw', 0, 'Female', 'Single', 'sdsa@gmail.com', '    -    -    ', '190021', 'KQV092431675', 0, '0000-00-00', 'qwewqeqwe', '123123123123', 4, 3, 1, '0000-00-00', '0000-00-00', '1550674543.png', '  -       - ', '    -    -    ', '   -   -   -   ', '6', 'Probation', '2019-02-20', '18001', 20, 1),
(22, '190022', 'test', 'test', '', 0, 'Male', 'Married', 'testing@gmail.com', '    -    -    ', '190022', 'KUM085973462', 0, '0000-00-00', 'asdasd', '123123', 1, 1, 1, '0000-00-00', '0000-00-00', '1551339456.jpg', '  -       - ', '    -    -    ', '   -   -   -   ', '1', 'Probation', '2019-02-27', '18001', 20, 1),
(23, '190023', 'Martin Luther', 'King Jr.', 'K', 0, 'Male', 'Single', 'mlk@gmail.com', '0000-0000-0000', '190023', 'TNJ654930728', 1, '2019-02-28', 'America City2', '746549864646', 6, 4, 1, '2019-02-28', '0000-00-00', '1551379332.jpg', '00-0000000-0', '0000-0000-0000', '000-000-000-000', '7', 'Probation', '2019-02-28', '18001', 20, 1),
(24, '190024', 'Cesc', 'Fabregas', '', 19, 'Male', 'Single', 'asdasd@gmail.com', '    -    -    ', '190024', 'FGB806795412', 0, '1999-07-07', '', '123123123123', 6, 4, 1, '2019-03-19', '0000-00-00', '1551381671.png', '  -       - ', '    -    -    ', '   -   -   -   ', '7', 'Probation', '2019-03-01', '18001', 20, 1),
(25, '190025', 'Drake Vincent', 'Padilla', 'Hachero', 0, 'Male', 'Single', 'drake@yahoo.com', '1231-2312-3123', '190025', 'PBR473106852', 0, '2019-02-20', '35 a luna street', '546546465465', 6, 4, 1, '2019-03-05', '0000-00-00', '1551670243.jpg', '13-2213213-2', '1231-2312-3213', '123-123-123-123', '8', 'Probation', '2019-03-01', '18001', 20, 1),
(26, '190026', 'Sam', 'Pinto', '', 0, 'Female', 'Single', 'adsad@yahoo.com', '1111-1111-1111', '190026', 'XAG940675381', 1, '2019-03-25', 'hgahaha di ko alam', '123123123555', 10, 4, 1, '2019-02-28', '0000-00-00', '1551403756.jpg', '11-1111111-1', '1111-1111-1111', '111-111-111-111', '25', 'Probation', '2019-03-01', '190025', 20, 1),
(27, '190027', 'Ivan Christian', 'Caliao', 'Canendo', 23, 'Male', 'Single', 'caliaoicc@gmail.com', '4532-4423-2342', '190027', 'HTI842513079', 0, '1995-03-14', 'Sucat, Paraaque City', '639369181810', 8, 4, 1, '2019-03-01', '0000-00-00', '1551404556.png', '90-0005226-5', '2346-7347-3432', '900-327-268-132', '4', 'Probation', '2019-03-01', '18001', 20, 1),
(28, '190028', 'Andrea', 'Brillantes', '', 0, 'Female', 'Single', 'blyuthe@yahoo.com', '0000-0000-0000', '190028', 'KTW062179354', 0, '2019-03-26', 'drake\'s crib', '55555', 9, 4, 1, '2019-03-26', '0000-00-00', '1551405115.jpg', '00-0000000-0', '0000-0000-0000', '000-000-000-000', '25', 'Probation', '2019-03-01', '190025', 20, 1),
(29, '190029', 'Bianca', 'Umali', '', 0, 'Female', 'Single', 'lalab@yahoo.com', '5555-5555-5555', '190029', 'FNW213560947', 1, '2019-03-26', 'drake\'s lab', '22222', 9, 4, 1, '2019-03-26', '0000-00-00', '1601892532.png', '55-5555555-5', '5555-5555-5555', '555-555-555-555', '25', 'Probation', '2019-03-01', '190025', 20, 1),
(30, '190030', 'Kathryn', 'Bernardo', '', 0, 'Female', 'Widowed', 'drake@asd.com', '1111-1111-1111', '190030', 'OPE054261938', 0, '2019-03-25', '123 asd', '777777777777', 9, 4, 1, '2019-04-01', '0000-00-00', '1551406298.jpg', '11-1111111-1', '1111-1111-1111', '111-111-111-111', '25', 'Probation', '2019-03-01', '190025', 20, 1),
(31, '190031', 'Athena', 'Julayba', '', 0, 'Female', 'Married', 'asd@yahoo.com', '2222-2222-2222', '190031', 'LJB801694257', 0, '2019-03-12', '2222222222222222222222', '222', 9, 4, 2, '2019-03-19', '0000-00-00', '1551410613.jpg', '22-2222222-2', '2222-2222-2222', '222-222-222-222', '25', 'Probation', '2019-03-01', '190025', 20, 1),
(32, '190032', 'employee', 'employee', 'employee', 25, 'Female', 'Single', 'employee@email.com', '1234-1234-1234', '190032', 'WML359764082', 0, '1994-01-01', 'Manila', '639123456789', 10, 4, 1, '2019-03-21', '0000-00-00', '1551669312.png', '12-1234567-1', '1234-1234-1234', '123-123-123-123', '7', 'Probation', '2019-03-04', '18001', 20, 1),
(33, '190033', 'Ivan', 'Calia', 'Canendo', 28, 'Male', 'Married', 'emial@email.com', '1231-2412-3123', '190033', 'GJH405127983', 0, '1990-08-22', 'Paranaque', '09123456778', 10, 4, 1, '2019-03-04', '0000-00-00', '1551669532.png', '12-3123231-2', '4214-1241-2312', '123-123-123-123', '27', 'Probation', '2019-03-04', '18001', 20, 1),
(34, '190034', 'Aaron', 'Pulido', '', 39, 'Male', 'Married', 'user@email.com', '1231-2312-3213', '190034', '1234', 0, '1979-03-05', 'Manila', '09324232323', 10, 4, 1, '2019-03-05', '0000-00-00', '1551669660.png', '21-3123123-1', '3123-1231-2312', '321-321-312-321', '1', 'Probation', '2019-03-04', '18001', 20, 1),
(35, '190035', 'Marc Angelo', 'Carillo', 'L', 24, 'Male', 'Single', 'CARILLO.MARCANGELO@UE.EDU.PH', '1111-1111-1111', '190035', 'KCL563197840', 0, '1994-05-10', '1832 J. Zamora St. Pandacan, Manila', '09672830239', 3, 2, 2, '2019-03-04', '0000-00-00', '1551669999.png', '11-1111111-1', '1111-1111-1111', '111-111-111-111', '5', 'Probation', '2019-03-04', '190025', 20, 1),
(36, '190036', 'IVAN', 'CANENDO', 'Canendo', 20, 'Male', 'Single', 'caliaoicc@gmail.com', '1234-1234-1234', '190036', 'AEI043918725', 0, '1998-03-14', 'Sucat, Paranaque City', '639369181810', 6, 4, 1, '2019-03-05', '0000-00-00', '1551770240.jpg', '21-3423422-4', '5433-4342-3442', '123-213-231-233', '25', 'Probation', '2019-03-05', '18001', 20, 1),
(37, '190037', 'Jhaanz', 'Jhanz', 'Asdf', 0, 'Male', 'Married', 'jhaaanz@gmail.com', '    -    -    ', '190037', 'GRJ172954683', 0, '2019-03-19', 'asdasd', '123123123', 3, 2, 1, '2019-03-18', '0000-00-00', '1552029790.jpg', '  -       - ', '    -    -    ', '   -   -   -   ', '18', 'Probation', '2019-03-08', '18001', 20, 1),
(38, '190038', 'Asdasd', 'Asdasd', 'Qdasd', 0, 'Male', 'Single', 'jhaaanz@gmail.com', '    -    -    ', '190038', 'YLA024569187', 0, '2019-03-11', 'asdasd', '12312312', 3, 2, 1, '2019-03-04', '0000-00-00', '1552030082.jpg', '  -       - ', '    -    -    ', '   -   -   -   ', '18', 'Probation', '2019-03-08', '18001', 20, 1),
(39, '190039', 'Asdasd', 'Asdasd', 'Qdasd', 0, 'Male', 'Single', 'jhaaanz@gmail.com', '    -    -    ', '190039', 'TGJ527401869', 0, '2019-03-11', 'asdasd', '12312312', 3, 2, 1, '2019-03-04', '0000-00-00', '1552030147.jpg', '  -       - ', '    -    -    ', '   -   -   -   ', '18', 'Probation', '2019-03-08', '18001', 20, 1),
(40, '190040', 'Jolissa', 'Malapitan', 'Carino', 24, 'Female', 'Single', 'jolissamalapitan@gmail.com', '1222-2222-2222', '190040', '123456789', 1, '1994-05-05', 'Qc', '09063693935', 3, 2, 1, '2019-03-12', '0000-00-00', '1552226652.jpg', '11-1111111-1', '1111-1111-1111', '222-222-222-22 ', '43', 'Probation', '2019-03-10', '18001', 20, 1),
(41, '190041', 'Ivan Christian', 'Caliao', 'Canendo', 24, 'Male', 'Single', 'caliaoicc@gmail.com', '2334-1231-2412', 'caliaoicc', '2284', 0, '1995-03-20', 'Sucat, Paraaque', '639369181810', 1, 1, 1, '2019-03-20', '0000-00-00', '1553048201.jpg', '41-4124124-2', '4124-1241-24  ', '124-124-124-124', '1', 'Probation', '2019-03-20', '18001', 20, 1),
(42, '190042', 'Mark', 'Whalberg', 'Pedro', 36, 'Male', 'Single', 'info@coresysph.com', '9342-0340-29  ', '190042', 'RBI103629745', 0, '1982-06-18', '123 www street,salfkjanfs , flsaknflsakn , knfalknslnfalknsalkfs,', '09177771234', 8, 4, 1, '2019-03-25', '0000-00-00', '1553247860.jpg', '38-4032402-3', '0934-0293-4932', '934-093-240-234', '29', 'Probation', '2019-03-22', '18001', 20, 1),
(43, '190043', 'Kim', 'Taeyeon', 'A', 30, 'Female', 'Single', 'jolissamalapitan@gmail.com', '545 -    -    ', '190043', 'IPG458067913', 0, '1989-03-09', 'asdhjlksjdh', '132123164897', 3, 2, 15, '2019-03-24', '0000-00-00', '1565910511.jpg', '  -       - ', '    -    -    ', '   -   -   -   ', '18', 'Probation', '2019-03-24', '190040', 20, 1),
(44, '190044', 'Young', 'Tiffany', 'Hwang', 1, 'Female', 'Single', 'jolissamalapitan@gmail.com', '    -    -    ', '190044', 'MJZ012943578', 0, '2020-08-08', 'LA', '65654654', 5, 3, 15, '2019-03-24', '0000-00-00', '1565910222.jpg', '  -       - ', '    -    -    ', '   -   -   -   ', '49', 'Probation', '2019-03-24', '190040', 20, 1),
(45, '190045', 'Jung', 'Jessica', 'S', 0, 'Female', 'Single', 'jolissamalapitan@gmail.com', '    -    -    ', '190045', 'TXB597823410', 0, '2019-03-30', 'LA', '12312515', 2, 1, 1, '2019-03-24', '0000-00-00', '1565910639.jpg', '  -       - ', '    -    -    ', '   -   -   -   ', '49', 'Probation', '2019-03-24', '190043', 20, 1),
(46, '190046', 'Katrina', 'Paraiso', '', 24, 'Female', 'Single', 'katkatkatparaiso@gmail.com', '1231-2312-3123', '190046', 'POF123957846', 0, '1994-06-24', 'michigan', '12345678901', 8, 4, 1, '2019-03-01', '0000-00-00', '1553423799.png', '31-2312321-3', '1223-2131-2313', '312-312-312-313', '25', 'Probation', '2019-03-24', '190041', 20, 1),
(47, '190047', 'Katrina', 'Paraiso', '', 29, 'Female', 'Single', 'katkatkatparaiso@gmail.com', '1231-123 -    ', '190047', 'ZOP917584362', 0, '1990-03-12', 'michigan', '123123123123', 8, 4, 1, '2019-02-25', '0000-00-00', '1553424144.png', '12-3123121-2', '1231-2312-3123', '123-123-123-   ', '25', 'Probation', '2019-03-24', '190041', 20, 1),
(48, '190048', 'Loisa', 'Andalio', '', 29, 'Female', 'Single', 'katkatkatparaiso@gmail.com', '1111-1111-1111', '190048', 'ALQ635974108', 0, '1990-03-12', 'ichigo', '123123123123', 8, 4, 0, '2019-02-24', '0000-00-00', '1553424442.png', '11-1111111-1', '1111-1111-1111', '111-111-111-111', '46', 'Probation', '2019-03-24', '190041', 20, 1),
(49, '190049', 'Yuri', 'Kwon', 'J', 15, 'Female', 'Single', 'jolissamalapitan@gmail.com', '    -    -    ', '190049', 'MLQ023698714', 0, '2004-03-27', 'Seoul', '37189502', 3, 2, 1, '2019-03-29', '0000-00-00', '1565910298.jpg', '  -       - ', '    -    -    ', '   -   -   -   ', '43', 'Probation', '2019-03-27', '190045', 20, 1),
(50, '190050', 'Account', 'Test', '', 26, 'Male', 'Single', 'testaccount@mail.com', '123412341234    -    -    ', '190050', 'FZH861923054', 1, '1993-01-01', 'Sucat paraaque', '09123456789', 3, 2, 1, '2019-06-01', '0000-00-00', '1561098108.jpg', '1212345671  -       - ', '123412341234    -    -    ', '123123123123   -   -   -   ', '37', 'Probation', '2019-06-21', '190041', 20, 1),
(51, '190051', 'Ivan', 'Caliao', '', 24, 'Male', 'Single', 'caliaoicc@gmail.com', '1234-1234-1234', '190051', 'BDH956387420', 0, '1995-03-14', 'Sucat, Paraque', '639369181810', 3, 2, 1, '2019-06-17', '0000-00-00', '1561438001.jpg', '12-1234567-2', '1234-1234-1234', '123-123-123-123', '37', 'Probation', '2019-06-25', '190041', 20, 1),
(52, '190052', 'User', 'Test', '', 16, 'Female', 'Single', 'caliaodbc@gmail.com', '1234-1234-1234', '190052', 'usertest1', 0, '2002-08-28', 'Canlubang, Calamba Laguna', '639123456789', 1, 1, 1, '2019-06-18', '0000-00-00', '1561458719.png', '12-1234567-1', '1234-1234-1234', '123-123-123-123', '41', 'Probation', '2019-06-25', '190041', 20, 1),
(53, '190053', 'Hr ', 'Test', 'Access', 29, 'Male', 'Married', 'caliaoicc@yahoo.com', '4321-4321-4321', '190053', 'usertest1', 1, '1990-03-22', 'Ermita, Manila', '09123456789', 2, 1, 1, '2019-02-14', '0000-00-00', '1561459439.png', '21-7654321-7', '4321-4321-4321', '321-321-321-321', '52', 'Probation', '2019-06-25', '190052', 20, 1),
(54, '190054', 'Super Admin', 'Test', '', 21, 'Female', 'Single', 'wow14_ivan@yahoo.com', '3214-3213-4132', '190054', 'usertest1', 0, '1997-10-19', 'Sucat, Paraaque', '639987654321', 3, 2, 0, '2015-07-18', '0000-00-00', '1561460127.png', '  -       - ', '    -    -    ', '   -   -   -   ', '51', 'Probation', '2019-06-25', '190053', 20, 1),
(55, '190055', 'Employee', 'Test', '', 23, 'Male', 'Single', 'caliaoicc@gmail.com', '    -    -    ', '190055', 'LQZ684921705', 1, '1995-08-20', 'Canlubang, Calamba Laguna', '639987654321', 6, 4, 1, '2019-06-06', '0000-00-00', '1561460424.png', '  -       - ', '    -    -    ', '   -   -   -   ', '36', 'Probation', '2019-06-25', '190053', 20, 1),
(56, '190056', 'Employee Ii', 'Test', '', 24, 'Male', 'Married', 'caliao.ivanchristian@ue.edu.ph', '    -    -    ', '190056', 'usertest1', 0, '1995-04-16', 'Calamba, Laguna', '123456789101', 8, 4, 1, '2019-06-23', '0000-00-00', '1561460850.png', '  -       - ', '    -    -    ', '   -   -   -   ', '55', 'Probation', '2019-06-25', '190053', 20, 1),
(57, '190057', 'Krystal', 'Jung', 'J', 24, 'Female', 'Single', 'jolissamalapitan@gmail.com', '    -    -    ', '190057', '123456789', 0, '1994-10-15', 'Seoul', '9063693035', 12, 1, 1, '2019-07-27', '0000-00-00', '1564120317.jpg', '  -       - ', '    -    -    ', '   -   -   -   ', '53', 'Probation', '2019-07-26', '190043', 20, 1),
(58, '190058', 'Travis', 'Scott', '', 15, 'Male', 'Single', 'drakepadilla1998@gmail.com', '1231-2312-3123', '190058', 'Drake18', 0, '2004-07-07', '115 Degree Farenheights', '9222222222', 1, 1, 1, '2019-07-01', '0000-00-00', '1564373946.png', '31-2312313-1', '1321-2312-3123', '123-213-123-213', '1', 'Probation', '2019-07-29', '190052', 20, 1),
(59, '190059', 'Calum', 'Scott', '', 15, 'Male', 'Single', 'drakepadilla1998@gmail.com', '1231-2312-3123', '190059', 'drake18', 1, '2004-07-25', '123 sana all', '9234823443', 4, 3, 1, '2019-08-01', '0000-00-00', '1601889025.png', '12-3123123-1', '1231-2312-3121', '132-132-131-231', '58', 'Probation', '2019-08-01', '190052', 20, 1),
(60, '190060', 'Jane', 'De Leon', '', 15, 'Others', 'Single', 'caliaoicc@gmail.com', '1234-1234-1234', '190060', 'systemTest', 0, '2004-02-18', 'Manila, Philippines', '9369181810', 15, 3, 0, '2019-08-08', '0000-00-00', '1565148553.png', '12-1234567-1', '1234-1234-1234', '123-123-123-123', '27', 'Probation', '2019-08-07', '190041', 20, 1),
(61, '190061', 'J', 'Malapitan', 'C', 25, 'Female', 'Single', 'jolissamalapitan@gmail.com', '    -    -    ', '190061', 'IFY468529037', 1, '1994-05-05', 'ROTC Hunters', '9063693035', 3, 2, 0, '2019-06-15', '0000-00-00', '1565911492.png', '  -       - ', '    -    -    ', '   -   -   -   ', '43', 'Probation', '2019-08-16', '190049', 20, 0),
(62, '190062', 'New', 'User', '', 15, 'Male', 'Single', 'caliaodbc@gmail.com', '1232-1312-3213', '190062', 'IKE481730692', 0, '2004-09-30', 'calamba laguna', '0936918181', 9, 4, 0, '2019-10-02', '0000-00-00', '1569973620.jpg', '12-3123124-2', '2132-1412-3512', '421-353-242-132', '27', 'Probation', '2019-10-02', '190060', 20, 0),
(63, '190063', 'Test', 'Caliao Test', '', 15, 'Male', 'Single', 'caliaoicc@gmail.com', '1231-2312-4124', '190063', 'CAT948351067', 0, '2004-09-29', 'laguna', '0928397293', 3, 2, 0, '2019-10-16', '0000-00-00', '1569974350.jpg', '32-1321412-4', '1242-1421-4214', '124-124-214-214', '61', 'Probation', '2019-10-02', '190051', 20, 0),
(64, '190064', 'Pia', 'Gajitos', '', 15, 'Female', 'Married', 'info@qualisph.com', '1231-2412-4124', '190064', 'dondon11', 0, '2004-10-11', 'Manila city', '0912345233', 4, 1, 0, '2019-10-24', '0000-00-00', '1601982185.png', '12-4142141-2', '1241-2412-4442', '124-124-124-12 ', '59', 'Probation', '2019-10-24', '190040', 20, 0),
(65, '200065', 'Admin', 'Qualis', '', 20, 'Male', 'Single', 'info@qualisph.com', '1121-2121-2121', '200065', 'Qadmin2019', 1, '2000-01-01', '14344 Pet Street, Tiendesitas, Ortigas cor. E.Rodriguez Jr. Ave. Brgy. Ugong Pasig City 1604', '012345678912', 2, 1, 0, '2015-01-05', '0000-00-00', '1601977888.png', '13-4567888-9', '1234-4343-4343', '900-009-900-000', '64', 'Probation', '2020-09-30', '190040', 20, 0),
(66, '200066', 'Siri', 'Chot', '', 15, 'Male', 'Single', 'info@qualisph.com', '    -    -    ', '200066', 'Siri', 0, '2005-01-05', 'C5', '0987654321', 1, 1, 0, '2015-01-05', '0000-00-00', '1601979284.png', '  -       - ', '    -    -    ', '   -   -   -   ', '65', 'Probation', '2020-09-30', '200065', 20, 0),
(67, '200067', 'Joaqs', 'Ving', '', 15, 'Male', 'Single', 'info@qualisph.com', '    -    -    ', '200067', 'ECH037458162', 0, '2005-09-06', 'Manda', '091234567', 4, 3, 0, '2015-02-03', '0000-00-00', '1601981070.png', '  -       - ', '    -    -    ', '   -   -   -   ', '64', 'Probation', '2020-09-30', '200065', 20, 0),
(68, '200068', 'Lucas', 'Gaj', '', 19, '', '', 'info@qualisph.com', '    -    -    ', '200068', 'YTH426710358', 0, '2000-10-03', 'QC', '092929292', 7, 4, 0, '2015-02-05', '0000-00-00', '1601630233.png', '  -       - ', '    -    -    ', '   -   -   -   ', '34', 'Probation', '2020-10-02', '200065', 20, 0),
(69, '200069', 'Abc', 'Def', '', 15, 'Male', 'Single', 'info@qualisph.com', '    -    -    ', '200069', 'HGA327916508', 0, '2005-10-01', 'NYC', '0111333355', 7, 4, 0, '2020-09-01', '0000-00-00', '1601949079.tmp', '  -       - ', '    -    -    ', '   -   -   -   ', '8', 'Probation', '2020-10-06', '200065', 20, 0),
(70, '200070', 'Aza', 'Zaz', '', 15, 'Female', 'Single', 'info@qualisph.com', '    -    -    ', '200070', 'AVK726805493', 0, '2005-02-08', 'SanJ', '9282099000', 9, 4, 0, '2019-06-13', '0000-00-00', '1601954436.png', '  -       - ', '    -    -    ', '   -   -   -   ', '29', 'Probation', '2020-10-06', '200065', 20, 0),
(71, '200071', 'Bxb', 'Xax', '', 19, 'Female', 'Single', 'info@qualisph.com', '    -    -    ', '200071', 'VHC673291458', 0, '2001-07-11', 'QC', '9272991237', 7, 4, 0, '2019-02-14', '0000-00-00', '1601954741.png', '  -       - ', '    -    -    ', '   -   -   -   ', '31', 'Probation', '2020-10-06', '200065', 20, 0),
(72, '200072', 'Cwc', 'Wxw', '', 15, 'Male', 'Single', 'info@qualisph.com', '    -    -    ', '200072', 'JOV743589621', 0, '2005-10-04', 'QZ', '0987654321', 7, 4, 0, '2019-12-10', '0000-00-00', '1601956593.png', '  -       - ', '    -    -    ', '   -   -   -   ', '31', 'Probation', '2020-10-06', '200065', 20, 0),
(73, '200073', 'Dwd', 'Ywy', '', 19, 'Male', 'Single', 'info@qualisph.com', '    -    -    ', '200073', 'UML923710458', 0, '2000-11-28', 'psg', '9171234114', 7, 4, 0, '2020-07-14', '0000-00-00', '1601957739.png', '  -       - ', '    -    -    ', '   -   -   -   ', '33', 'Probation', '2020-10-06', '200065', 20, 0),
(74, '200074', 'Eye', 'Vyv', '', 16, 'Female', 'Single', 'info@qualisph.com', '    -    -    ', '200074', 'VNB863257094', 0, '2004-04-06', 'Mar', '9171615141', 7, 4, 0, '2020-05-05', '0000-00-00', '1601958883.png', '  -       - ', '    -    -    ', '   -   -   -   ', '30', 'Probation', '2020-10-06', '200065', 20, 0),
(75, '200075', 'Fvf', 'Uvu', '', 16, 'Female', 'Single', 'info@qualisph.com', '    -    -    ', '200075', 'TDJ726854190', 0, '2003-10-15', 'Bulac', '1234567890', 7, 4, 0, '2020-01-14', '0000-00-00', '1601961246.png', '  -       - ', '    -    -    ', '   -   -   -   ', '27', 'Probation', '2020-10-06', '200065', 20, 0),
(76, '200076', 'Gvg', 'Uvu', '', 15, 'Male', 'Single', 'info@qualisph.com', '    -    -    ', '200076', 'WTZ560894172', 0, '2005-03-16', 'Bulc', '0987654321', 7, 4, 0, '2020-07-27', '0000-00-00', '1601961568.png', '  -       - ', '    -    -    ', '   -   -   -   ', '31', 'Probation', '2020-10-06', '200065', 20, 0),
(77, '200077', 'Huh', 'Tut', '', 17, 'Male', 'Single', 'info@qualisph.com', '    -    -    ', '200077', 'ZFE072156839', 0, '2003-06-10', 'Vale', '9876543210', 7, 4, 0, '2020-04-14', '0000-00-00', '1601962221.png', '  -       - ', '    -    -    ', '   -   -   -   ', '46', 'Probation', '2020-10-06', '200065', 20, 0),
(78, '200078', 'Ihi', 'Rtr', '', 19, 'Male', 'Single', 'info@qualisph.com', '    -    -    ', '200078', 'UOY153672049', 0, '2001-07-25', 'Pasay', '1267638392', 7, 4, 0, '2018-07-11', '0000-00-00', '1601963275.png', '  -       - ', '    -    -    ', '   -   -   -   ', '48', 'Probation', '2020-10-06', '200065', 20, 0),
(79, '200079', 'Jij', 'Qrq', '', 20, 'Male', 'Single', 'info@qualisph.com', '    -    -    ', '200079', 'ZYA106528397', 0, '2000-06-13', 'MNL', '1928374650', 7, 4, 0, '2020-07-14', '0000-00-00', '1601963576.png', '  -       - ', '    -    -    ', '   -   -   -   ', '28', 'Probation', '2020-10-06', '200065', 20, 0),
(80, '200080', 'Kjk', 'Pqp', '', 15, 'Male', 'Single', 'info@qualisph.com', '    -    -    ', '200080', 'ANR368174052', 0, '2005-10-05', 'Pasay', '9287633932', 7, 4, 0, '2020-06-17', '0000-00-00', '1601963791.png', '  -       - ', '    -    -    ', '   -   -   -   ', '25', 'Probation', '2020-10-06', '200065', 20, 0),
(81, '200081', 'Bob', 'Bob', '', 15, 'Male', 'Single', 'info@qualisph.com', '    -    -    ', '200081', 'JKH847692130', 0, '2005-09-27', 'MNL', '2131232142', 7, 4, 0, '2020-09-22', '0000-00-00', '1601965088.png', '  -       - ', '    -    -    ', '   -   -   -   ', '28', 'Probation', '2020-10-06', '200065', 20, 0),
(82, '200082', 'Qwe', 'Qwe', '', 15, 'Male', 'Single', 'info@qualisph.com', '    -    -    ', '200082', 'EIO950824361', 0, '2005-10-05', 'MNL', '8373837383', 7, 4, 0, '2020-04-14', '0000-00-00', '1601967314.png', '  -       - ', '    -    -    ', '   -   -   -   ', '34', 'Probation', '2020-10-06', '200065', 20, 0),
(83, '200083', 'Asdf', 'Qwerty', '', 15, 'Male', 'Single', 'info@qualisph.com', '    -    -    ', '200083', 'XGQ062597184', 0, '2005-05-11', 'MNL', '2843274932', 7, 4, 0, '2020-04-15', '0000-00-00', '1601968460.png', '  -       - ', '    -    -    ', '   -   -   -   ', '27', 'Probation', '2020-10-06', '200065', 20, 0),
(84, '200084', 'Qazwsx', 'Asdfghjk', '', 16, 'Male', 'Single', 'info@qualisph.com', '    -    -    ', '200084', 'BHA069583172', 0, '2004-09-15', 'MNL', '0192309180', 7, 4, 0, '2020-10-13', '0000-00-00', '1601968997.png', '  -       - ', '    -    -    ', '   -   -   -   ', '28', 'Probation', '2020-10-06', '200065', 20, 0),
(85, '200085', 'Xcx', 'Xcxcx', '', 15, '', '', 'info@qualisph.com', '3432-7402-8734', '200085', 'QZU086239417', 0, '2005-10-04', 'qwerty street', '8238273198', 7, 4, 0, '2019-11-12', '0000-00-00', '1601998045.png', '32-5237598-7', '3723-0574-7538', '   -   -   -   ', '28', 'Probation', '2020-10-06', '200065', 20, 0);

-- --------------------------------------------------------

--
-- Table structure for table `tbl_holidays`
--

CREATE TABLE `tbl_holidays` (
  `holidayID` int(11) NOT NULL,
  `holidayName` varchar(100) NOT NULL,
  `holidayType` varchar(100) NOT NULL,
  `holidayDate` date NOT NULL,
  `holidayMonth` varchar(50) NOT NULL,
  `holidayDay` int(50) NOT NULL
) ENGINE=InnoDB DEFAULT CHARSET=latin1;

--
-- Dumping data for table `tbl_holidays`
--

INSERT INTO `tbl_holidays` (`holidayID`, `holidayName`, `holidayType`, `holidayDate`, `holidayMonth`, `holidayDay`) VALUES
(3, 'Test3', '1', '0000-00-00', 'January', 5),
(4, 'Test3', '1', '0000-00-00', 'January', 5);

-- --------------------------------------------------------

--
-- Table structure for table `tbl_holidaytype`
--

CREATE TABLE `tbl_holidaytype` (
  `holidayTypeID` int(11) NOT NULL,
  `holidayTypeName` varchar(100) NOT NULL
) ENGINE=InnoDB DEFAULT CHARSET=latin1;

--
-- Dumping data for table `tbl_holidaytype`
--

INSERT INTO `tbl_holidaytype` (`holidayTypeID`, `holidayTypeName`) VALUES
(1, 'Regular Holidays');

-- --------------------------------------------------------

--
-- Table structure for table `tbl_leave`
--

CREATE TABLE `tbl_leave` (
  `leaveID` int(11) NOT NULL,
  `leaveName` varchar(50) NOT NULL,
  `leaveCount` int(11) NOT NULL,
  `required` int(1) NOT NULL
) ENGINE=InnoDB DEFAULT CHARSET=latin1;

--
-- Dumping data for table `tbl_leave`
--

INSERT INTO `tbl_leave` (`leaveID`, `leaveName`, `leaveCount`, `required`) VALUES
(2, 'Vacation Leave', 10, 1),
(3, 'Leave Without Pay', 366, 1),
(4, 'Additional Leave', 7, 0),
(5, 'Sick Leave', 10, 1),
(6, 'Maternity Leave', 30, 0),
(8, 'Leave You', 3, 0),
(9, 'Adoption Leave', 5, 1),
(10, 'Test Leave', 5, 1);

-- --------------------------------------------------------

--
-- Table structure for table `tbl_leavedetails`
--

CREATE TABLE `tbl_leavedetails` (
  `leavedetails_ID` int(11) NOT NULL,
  `employeeID` int(11) NOT NULL,
  `leaveID` int(11) NOT NULL,
  `leaveGroup_ID` int(11) NOT NULL,
  `leavedetails_leaveFrom` date NOT NULL,
  `leavedetails_duration` float NOT NULL,
  `leavedetails_reason` varchar(255) NOT NULL,
  `leavedetails_dateFiled` date NOT NULL
) ENGINE=MyISAM DEFAULT CHARSET=latin1;

--
-- Dumping data for table `tbl_leavedetails`
--

INSERT INTO `tbl_leavedetails` (`leavedetails_ID`, `employeeID`, `leaveID`, `leaveGroup_ID`, `leavedetails_leaveFrom`, `leavedetails_duration`, `leavedetails_reason`, `leavedetails_dateFiled`) VALUES
(128, 40, 5, 110, '2019-10-28', 1, 'sdaf', '2019-10-20'),
(2, 40, 5, 2, '2019-10-10', 1, '65465', '2019-10-02'),
(120, 41, 2, 104, '2019-10-30', 0.5, 'test', '2019-10-20'),
(121, 41, 2, 104, '1970-01-01', 1, '', '2019-10-20'),
(125, 59, 2, 107, '2019-10-30', 1, 'Will visit a family member.', '2019-10-20'),
(126, 59, 3, 108, '2019-10-28', 1, 'Will prepare for visiting a family member.', '2019-10-20'),
(124, 59, 2, 107, '2019-10-29', 1, 'Will visit a family member.', '2019-10-20'),
(106, 40, 5, 98, '1970-01-01', 1, '', '2019-10-16'),
(123, 41, 2, 106, '2019-10-27', 0.5, 'test', '2019-10-20'),
(81, 59, 8, 81, '2019-10-16', 1, '1', '2019-10-09'),
(74, 40, 5, 74, '2019-10-24', 1, 'Pampangaaaa', '2019-10-08'),
(92, 59, 2, 92, '2019-10-16', 1, 'family outing', '2019-10-09'),
(82, 59, 8, 82, '2019-10-17', 1, '2', '2019-10-09'),
(83, 59, 8, 83, '2019-10-18', 1, '3', '2019-10-09'),
(122, 41, 2, 105, '2019-10-31', 1, 'test', '2019-10-20'),
(95, 41, 3, 95, '2019-10-23', 0.5, 'test', '2019-10-16'),
(132, 60, 2, 114, '2019-10-30', 1, 'Swimming', '2019-10-23'),
(97, 41, 2, 95, '1970-01-01', 1, '', '2019-10-16'),
(98, 40, 5, 96, '2019-10-23', 1, '', '2019-10-16'),
(99, 40, 5, 97, '2019-10-23', 1, 'ghdfh', '2019-10-16'),
(133, 60, 2, 114, '2019-10-31', 1, 'Swimming', '2019-10-23'),
(145, 61, 2, 120, '2019-10-31', 1, 'ttymj', '2019-10-23'),
(146, 61, 2, 120, '2019-10-31', 1, '123jhj', '2019-10-23'),
(34, 60, 2, 34, '2019-10-21', 1, 'tesingasd123', '2019-10-02'),
(134, 60, 2, 114, '1970-01-01', 1, '', '2019-10-23'),
(107, 40, 5, 99, '2019-10-24', 1, 'fsadfasdfasdf', '2019-10-16'),
(127, 59, 2, 109, '2019-10-28', 0.5, 'Family visit preparation.', '2019-10-20'),
(241, 59, 6, 173, '2019-12-18', 1, 'aw', '2019-12-09'),
(129, 58, 2, 111, '2019-10-29', 1, 'sad', '2019-10-22'),
(130, 59, 2, 112, '2019-10-30', 1, 'awit', '2019-10-22'),
(44, 40, 5, 44, '2019-10-11', 1, 'ghsgdfh', '2019-10-02'),
(45, 43, 2, 45, '2019-10-11', 1, 'gasdgew', '2019-10-03'),
(46, 43, 2, 46, '2019-10-11', 1, 'gasdgew', '2019-10-03'),
(47, 62, 2, 47, '2019-10-15', 1, 'tsdfsd', '2019-10-03'),
(75, 60, 5, 75, '2019-10-15', 1, 'test', '2019-10-08'),
(50, 62, 7, 50, '2019-10-17', 1, '1234567890', '2019-10-03'),
(76, 60, 3, 76, '2019-10-21', 0.5, 'test', '2019-10-08'),
(77, 60, 3, 77, '2019-10-21', 0.5, 'test', '2019-10-08'),
(79, 59, 6, 79, '2019-10-17', 1, 'asd', '2019-10-09'),
(80, 59, 6, 80, '2019-10-31', 1, 'asd', '2019-10-09'),
(135, 44, 2, 115, '2019-10-30', 1, '6575', '2019-10-23'),
(231, 41, 2, 166, '2019-11-28', 1, 'nov 21 test vacation', '2019-11-21'),
(114, 40, 5, 101, '1970-01-01', 1, '', '2019-10-18'),
(115, 60, 2, 102, '2019-10-28', 1, 'Family Gathering', '2019-10-18'),
(116, 60, 2, 102, '2019-10-28', 0.5, 'Family Gathering', '2019-10-18'),
(117, 60, 2, 102, '2019-10-30', 1, 'Family Gathering', '2019-10-18'),
(66, 40, 5, 66, '2019-10-14', 1, 'eiujryhaisldhejfasfde', '2019-10-05'),
(67, 61, 2, 67, '1970-01-01', 0.5, 'vbhmnvmfvgyudse', '2019-10-05'),
(136, 45, 2, 116, '2019-10-30', 1, 'Outing', '2019-10-23'),
(137, 45, 2, 116, '2019-10-31', 1, 'Outing', '2019-10-23'),
(138, 57, 2, 117, '2019-10-30', 1, 'outing', '2019-10-23'),
(139, 57, 2, 117, '2019-10-31', 1, 'outing', '2019-10-23'),
(140, 59, 2, 118, '2019-10-30', 1, 'awts', '2019-10-23'),
(141, 59, 2, 118, '2019-10-31', 0.5, 'awaw', '2019-10-23'),
(142, 59, 3, 119, '2019-11-07', 1, 'hg', '2019-10-23'),
(143, 59, 2, 119, '2019-11-08', 1, '55', '2019-10-23'),
(144, 59, 2, 119, '2019-10-31', 1, '123', '2019-10-23'),
(147, 60, 2, 121, '2019-10-31', 1, 'tyuut', '2019-10-24'),
(148, 60, 2, 121, '2019-11-01', 1, '1231231', '2019-10-24'),
(149, 60, 2, 121, '2019-11-02', 1, 'rhhkhkh', '2019-10-24'),
(150, 60, 2, 122, '2019-10-31', 1, 'khjlkj', '2019-10-24'),
(151, 60, 2, 122, '2019-11-01', 1, 'fdhgj', '2019-10-24'),
(200, 41, 2, 153, '2019-11-27', 1, 'test2', '2019-11-20'),
(202, 41, 2, 154, '1970-01-01', 1, 'test1', '2019-11-20'),
(154, 60, 2, 123, '2019-11-01', 1, 'wqwe', '2019-10-24'),
(155, 60, 2, 124, '2019-10-31', 1, '545646', '2019-10-24'),
(156, 60, 2, 125, '2019-11-01', 1, '34234234', '2019-10-24'),
(157, 60, 2, 126, '2019-10-24', 1, '213123', '2019-10-24'),
(158, 59, 2, 127, '1970-01-01', 0.5, 'swim', '2019-10-24'),
(159, 59, 2, 128, '2019-10-30', 1, 'AWS', '2019-10-24'),
(160, 59, 2, 129, '2019-11-06', 1, 'AW', '2019-10-24'),
(218, 41, 2, 162, '2019-11-28', 1, 'test vacation', '2019-11-21'),
(228, 41, 2, 165, '2019-11-28', 1, 'test vacation', '2019-11-21'),
(166, 41, 2, 135, '2019-11-15', 1, 'test5', '2019-11-12'),
(167, 41, 2, 136, '2019-11-12', 1, 'decline', '2019-11-12'),
(168, 41, 2, 137, '2019-11-12', 1, 'decline', '2019-11-12'),
(170, 59, 2, 139, '2019-11-15', 1, 'testNov14', '2019-11-13'),
(171, 41, 5, 140, '2019-11-19', 1, 'Test', '2019-11-14'),
(173, 40, 5, 142, '2019-11-15', 1, 'sick', '2019-11-14'),
(175, 59, 2, 144, '2019-11-18', 1, 'family outing', '2019-11-14'),
(176, 59, 2, 145, '2019-11-19', 1, 'family outing', '2019-11-14'),
(177, 59, 2, 145, '2019-11-21', 1, 'family outing', '2019-11-14'),
(178, 41, 2, 146, '2019-11-26', 1, 'test', '2019-11-18'),
(179, 41, 5, 146, '2019-11-27', 0.5, 'test2', '2019-11-18'),
(180, 41, 3, 146, '2019-11-26', 1, 'test3', '2019-11-18'),
(181, 41, 2, 147, '2019-11-25', 1, 'TEST VACATION', '2019-11-18'),
(182, 41, 3, 147, '2019-11-26', 1, 'TEST LEAVE W/O PAY', '2019-11-18'),
(183, 41, 5, 147, '2019-11-27', 0.5, 'TEST SICK LEAVE', '2019-11-18'),
(184, 41, 2, 147, '1970-01-01', 1, '', '2019-11-18'),
(185, 41, 2, 148, '2019-11-25', 1, 'TEST VACATION LEAVE', '2019-11-18'),
(186, 41, 3, 148, '2019-11-26', 0.5, 'TEST LEAVE W/O PAY', '2019-11-18'),
(187, 41, 5, 148, '2019-11-27', 0.5, 'TEST SICK LEAVE', '2019-11-18'),
(188, 41, 2, 149, '2019-11-25', 1, 'TEST VACATION LEAVE', '2019-11-18'),
(189, 41, 3, 149, '2019-11-26', 0.5, 'TEST LEAVE W/O PAY', '2019-11-18'),
(190, 41, 5, 149, '2019-11-27', 0.5, 'TEST SICK LEAVE', '2019-11-18'),
(191, 41, 2, 150, '2019-11-25', 1, 'TEST VACATION LEAVE', '2019-11-18'),
(192, 41, 3, 150, '2019-11-26', 0.5, 'TEST LEAVE W/O PAY', '2019-11-18'),
(193, 41, 5, 150, '2019-11-27', 1, 'TEST SICK LEAVE', '2019-11-18'),
(194, 41, 2, 151, '2019-11-25', 1, 'TEST VACATION LEAVE', '2019-11-18'),
(195, 41, 3, 151, '2019-11-26', 0.5, 'TEST LEAVE W/O PAY', '2019-11-18'),
(196, 41, 5, 151, '2019-11-27', 1, 'TEST SICK LEAVE', '2019-11-18'),
(197, 41, 2, 152, '1970-01-01', 1, 'test', '2019-11-20'),
(198, 41, 3, 152, '1970-01-01', 1, 'tes1', '2019-11-20'),
(199, 41, 5, 152, '1970-01-01', 0.5, 'test2', '2019-11-20'),
(201, 41, 2, 153, '2019-11-28', 1, 'test', '2019-11-20'),
(203, 41, 3, 154, '2019-11-30', 0.5, 'test2', '2019-11-20'),
(204, 41, 5, 154, '1970-01-01', 1, 'test3', '2019-11-20'),
(205, 41, 2, 155, '2019-11-27', 1, 'test1', '2019-11-20'),
(206, 41, 3, 155, '2019-11-28', 1, 'test2', '2019-11-20'),
(207, 41, 5, 155, '2019-11-29', 1, 'test3', '2019-11-20'),
(208, 41, 5, 156, '2019-11-27', 1, 'test sick', '2019-11-20'),
(209, 41, 5, 157, '2019-11-27', 1, 'test', '2019-11-20'),
(210, 41, 5, 158, '2019-11-27', 1, 'test', '2019-11-20'),
(211, 41, 2, 159, '2019-11-28', 1, 'test', '2019-11-20'),
(212, 41, 2, 160, '2019-11-27', 1, 'test vacation', '2019-11-20'),
(213, 41, 3, 160, '2019-11-28', 1, 'test leave w/o pay', '2019-11-20'),
(214, 41, 5, 160, '2019-11-29', 1, 'test sick', '2019-11-20'),
(215, 41, 2, 161, '2019-11-28', 1, 'test1', '2019-11-21'),
(216, 41, 3, 161, '2019-11-29', 1, 'test2', '2019-11-21'),
(217, 41, 5, 161, '2019-12-03', 0.5, 'test3', '2019-11-21'),
(219, 41, 3, 162, '2019-11-29', 0.5, 'test w/o', '2019-11-21'),
(220, 41, 5, 162, '2019-11-30', 1, 'test sick', '2019-11-21'),
(221, 58, 2, 163, '2019-11-28', 1, 'test vacation', '2019-11-21'),
(222, 58, 3, 163, '2019-11-29', 1, 'test w/o', '2019-11-21'),
(223, 58, 5, 163, '2019-11-30', 0.5, 'test sick', '2019-11-21'),
(224, 58, 2, 163, '1970-01-01', 1, '', '2019-11-21'),
(225, 58, 2, 164, '2019-11-28', 1, 'test3', '2019-11-21'),
(226, 58, 3, 164, '2019-11-30', 0.5, 'test w/o', '2019-11-21'),
(227, 58, 5, 164, '2019-12-04', 1, 'test sick', '2019-11-21'),
(229, 41, 3, 165, '2019-11-29', 0.5, 'test w/o', '2019-11-21'),
(230, 41, 5, 165, '2019-11-30', 1, 'test sick', '2019-11-21'),
(232, 41, 3, 166, '2019-11-29', 1, 'nov 21 test w/o', '2019-11-21'),
(233, 41, 5, 166, '2019-12-01', 0.5, 'test sick leave', '2019-11-21'),
(234, 58, 2, 167, '2019-11-28', 1, 'test', '2019-11-21'),
(235, 59, 2, 168, '2019-11-29', 1, 'SWIM', '2019-11-22'),
(236, 59, 6, 168, '2019-11-30', 1, 'Preggy', '2019-11-22'),
(237, 59, 2, 169, '2019-11-29', 1, 'awaw', '2019-11-22'),
(238, 59, 6, 170, '2019-11-30', 1, 'aw', '2019-11-22'),
(239, 59, 2, 171, '2019-12-02', 1, 'sda', '2019-11-22'),
(240, 59, 2, 172, '2019-12-04', 1, 'asd', '2019-11-22'),
(242, 41, 2, 174, '2019-12-16', 1, ' test', '2019-12-09'),
(243, 41, 3, 174, '2019-12-17', 1, 'test213', '2019-12-09'),
(244, 41, 2, 175, '2019-12-18', 0.5, 'yrdtdf', '2019-12-09'),
(245, 41, 5, 175, '2019-12-18', 1, 'sdsa', '2019-12-09'),
(246, 41, 5, 176, '2019-12-19', 1, 'sadasd', '2019-12-09'),
(247, 41, 2, 176, '2019-12-23', 1, 'sadasdasfasfas', '2019-12-09'),
(248, 59, 5, 177, '1970-01-01', 1, '', '2020-04-29');

-- --------------------------------------------------------

--
-- Table structure for table `tbl_leaveGroup`
--

CREATE TABLE `tbl_leaveGroup` (
  `leaveGroup_ID` int(11) NOT NULL,
  `employeeID` int(11) NOT NULL,
  `leaveGroup_dateFiled` date NOT NULL,
  `leaveGroup_duration` float NOT NULL,
  `leaveGroup_status` varchar(255) NOT NULL,
  `leaveGroup_dateApproved` date DEFAULT NULL,
  `leaveGroup_approver` int(11) NOT NULL,
  `leaveGroup_notes` varchar(255) DEFAULT NULL
) ENGINE=MyISAM DEFAULT CHARSET=latin1;

--
-- Dumping data for table `tbl_leaveGroup`
--

INSERT INTO `tbl_leaveGroup` (`leaveGroup_ID`, `employeeID`, `leaveGroup_dateFiled`, `leaveGroup_duration`, `leaveGroup_status`, `leaveGroup_dateApproved`, `leaveGroup_approver`, `leaveGroup_notes`) VALUES
(2, 40, '2019-10-02', 1, 'Pending', NULL, 49, ''),
(116, 45, '2019-10-23', 2, 'Pending', NULL, 60, NULL),
(117, 57, '2019-10-23', 2, 'Pending', NULL, 60, NULL),
(106, 41, '2019-10-20', 0.5, 'Declined', '2019-10-20', 60, ''),
(120, 61, '2019-10-23', 2, 'Approved', '2019-10-24', 40, ''),
(107, 59, '2019-10-20', 2, 'Retracted Pending', '2019-10-20', 60, ''),
(173, 59, '2019-12-09', 1, 'Pending', NULL, 58, NULL),
(74, 40, '2019-10-08', 1, 'Pending', NULL, 61, ''),
(92, 59, '2019-10-09', 1, 'Declined', '2019-10-09', 58, ''),
(121, 60, '2019-10-24', 3, 'Approved', '2019-10-24', 58, ''),
(34, 60, '2019-10-02', 1, 'Declined', '2019-10-02', 48, ''),
(44, 40, '2019-10-02', 1, 'Pending', NULL, 43, ''),
(45, 43, '2019-10-03', 1, 'Approved', '2019-10-03', 41, 'test123'),
(46, 43, '2019-10-03', 1, 'Approved', '2019-10-03', 18, ''),
(47, 62, '2019-10-03', 1, 'Approved', '2019-10-08', 41, ''),
(75, 60, '2019-10-08', 1, 'Pending', NULL, 41, ''),
(50, 62, '2019-10-03', 1, 'Pending', NULL, 41, ''),
(76, 60, '2019-10-08', 0.5, 'Pending', NULL, 18, ''),
(77, 60, '2019-10-08', 0.5, 'Pending', NULL, 41, ''),
(67, 61, '2019-10-05', 0.5, 'Pending', NULL, 40, ''),
(66, 40, '2019-10-05', 1, 'Approved', '2019-10-05', 18, ''),
(96, 40, '2019-10-16', 1, 'Pending', NULL, 18, NULL),
(122, 60, '2019-10-24', 3, 'Approved', '2019-10-24', 40, ''),
(174, 41, '2019-12-09', 2, 'Cancelled', '2019-12-09', 58, 'yrdtdrys'),
(102, 60, '2019-10-18', 3, 'Pending', NULL, 58, NULL),
(115, 44, '2019-10-23', 1, 'Pending', NULL, 60, NULL),
(114, 60, '2019-10-23', 3, 'Pending', NULL, 40, NULL),
(128, 59, '2019-10-24', 1, 'Approved', '2019-10-24', 40, 'Approve'),
(123, 60, '2019-10-24', 2, 'Approved', '2019-10-24', 40, ''),
(124, 60, '2019-10-24', 1, 'Approved', '2019-10-24', 40, ''),
(125, 60, '2019-10-24', 1, 'Approved', '2019-10-24', 40, ''),
(126, 60, '2019-10-24', 1, 'Approved', '2019-10-24', 40, 'approve'),
(127, 59, '2019-10-24', 1, 'Approved', '2019-10-24', 40, 'Approve'),
(129, 59, '2019-10-24', 1, 'Pending', NULL, 40, NULL),
(130, 41, '2019-11-08', 0.5, 'Pending', NULL, 58, NULL),
(135, 41, '2019-11-12', 1, 'Retracted Declined', '2019-11-12', 58, 'test5 decline'),
(134, 41, '2019-11-12', 1, 'Declined', '2019-11-12', 0, NULL),
(136, 41, '2019-11-12', 1, 'Retracted Declined', '2019-11-12', 58, 'test5'),
(137, 41, '2019-11-12', 1, 'Retracted Declined', '2019-11-12', 58, ''),
(139, 59, '2019-11-13', 1, 'Pending', NULL, 41, NULL),
(140, 41, '2019-11-14', 1, 'Pending', NULL, 58, NULL),
(142, 40, '2019-11-14', 1, 'Pending', NULL, 18, NULL),
(144, 59, '2019-11-14', 1, 'Declined', '2019-11-22', 40, ''),
(145, 59, '2019-11-14', 2, 'Retracted Declined', '2019-11-14', 40, 'approve'),
(146, 41, '2019-11-18', 2.5, 'Cancelled', '2019-11-18', 41, 'TEST'),
(147, 41, '2019-11-18', 3.5, 'Cancelled', NULL, 41, NULL),
(148, 41, '2019-11-18', 2, 'Cancelled', '2019-11-18', 41, 'TEST APPROVE'),
(149, 41, '2019-11-18', 2, 'Cancelled', NULL, 41, NULL),
(150, 41, '2019-11-18', 2.5, 'Cancelled', NULL, 41, NULL),
(151, 41, '2019-11-18', 2.5, 'Cancelled', '2019-11-18', 41, 'test approve'),
(154, 41, '2019-11-20', 2.5, 'Pending', NULL, 41, NULL),
(155, 41, '2019-11-20', 3, 'Cancelled', '2019-11-20', 41, 'test'),
(156, 41, '2019-11-20', 1, 'Pending', NULL, 18, NULL),
(157, 41, '2019-11-20', 1, 'Approved', '2019-11-20', 41, 'test'),
(158, 41, '2019-11-20', 1, 'Approved', '2019-11-20', 41, ''),
(159, 41, '2019-11-20', 1, 'Pending', NULL, 41, NULL),
(160, 41, '2019-11-20', 3, 'Cancelled', '2019-11-20', 41, 'test approve'),
(166, 41, '2019-11-21', 2.5, 'Pending', NULL, 58, NULL),
(167, 58, '2019-11-21', 1, 'Pending', NULL, 41, NULL),
(168, 59, '2019-11-22', 2, 'Cancelled', '2019-11-22', 40, 'ok goods'),
(169, 59, '2019-11-22', 1, 'Approved', '2019-11-22', 40, 'ssss'),
(170, 59, '2019-11-22', 1, 'Declined', '2019-11-22', 40, 'awit'),
(171, 59, '2019-11-22', 1, 'Approved', '2019-11-22', 40, ''),
(172, 59, '2019-11-22', 1, 'Approved', '2019-11-22', 40, ''),
(175, 41, '2019-12-09', 1.5, 'Declined', '2019-12-09', 0, ''),
(176, 41, '2019-12-09', 2, 'Approved', '2019-12-09', 58, 'asdasd'),
(177, 59, '2020-04-29', 1, 'Pending', NULL, 4, NULL);

-- --------------------------------------------------------

--
-- Table structure for table `tbl_leaveinfo`
--

CREATE TABLE `tbl_leaveinfo` (
  `leaveInfoID` int(11) NOT NULL,
  `leaveID` int(11) NOT NULL,
  `employeeID` int(255) NOT NULL,
  `leaveRemaining` float NOT NULL,
  `leaveUsed` float NOT NULL,
  `allowedLeave` int(11) NOT NULL,
  `pendingLeave` float NOT NULL
) ENGINE=InnoDB DEFAULT CHARSET=latin1;

--
-- Dumping data for table `tbl_leaveinfo`
--

INSERT INTO `tbl_leaveinfo` (`leaveInfoID`, `leaveID`, `employeeID`, `leaveRemaining`, `leaveUsed`, `allowedLeave`, `pendingLeave`) VALUES
(151, 2, 44, 10, 0, 10, 0),
(152, 3, 44, 366, 0, 366, 0.5),
(153, 5, 44, 10, 0, 10, 0),
(154, 2, 45, 10, 0, 10, 2),
(155, 3, 45, 366, 0, 366, 0),
(156, 5, 45, 10, 0, 10, 0),
(157, 2, 46, 10, 0, 10, 0),
(158, 3, 46, 366, 0, 366, 0),
(160, 2, 47, 10, 0, 10, 0),
(161, 3, 47, 366, 0, 366, 0),
(162, 5, 47, 10, 0, 10, 0),
(163, 2, 48, 10, 0, 10, 0),
(164, 3, 48, 366, 0, 366, 0),
(165, 5, 48, 10, 0, 10, 0),
(166, 2, 1, 10, 0, 10, 0),
(167, 2, 49, 10, 0, 10, 0),
(168, 3, 49, 366, 0, 366, 0),
(169, 5, 49, 10, 0, 10, 0),
(172, 3, 43, 366, 0, 366, 0),
(173, 5, 40, 10, 0, 10, 0),
(174, 2, 50, 10, 0, 10, 0),
(175, 3, 50, 366, 0, 366, 0),
(178, 2, 51, 10, 0, 10, 0),
(179, 3, 51, 366, 0, 366, 0),
(180, 5, 51, 10, 0, 10, 0),
(182, 2, 52, 10, 0, 10, 0),
(183, 3, 52, 366, 0, 366, 0),
(184, 5, 52, 10, 0, 10, 0),
(186, 2, 53, 10, 0, 10, 0),
(187, 3, 53, 366, 0, 366, 0),
(188, 5, 53, 10, 0, 10, 0),
(190, 2, 54, 10, 0, 10, 0),
(191, 3, 54, 366, 0, 366, 0),
(192, 5, 54, 10, 0, 10, 0),
(194, 2, 55, 10, 0, 10, 0),
(195, 3, 55, 366, 0, 366, 0),
(198, 2, 56, 10, 0, 10, 0),
(199, 3, 56, 366, 0, 366, 0),
(200, 5, 56, 10, 0, 10, 0),
(202, 2, 57, 10, 0, 10, 2),
(203, 3, 57, 366, 0, 366, 0),
(204, 5, 57, 10, 0, 10, 0),
(206, 2, 58, 10, 0, 10, 0.5),
(207, 3, 58, 366, 0, 366, 1.5),
(208, 5, 58, 10, 0, 10, -1),
(210, 2, 59, 10, 0, 10, 1),
(211, 3, 59, 366, 0, 366, 2),
(212, 5, 59, 10, 0, 10, -0.5),
(214, 5, 43, 10, 0, 10, 0),
(215, 5, 43, 10, 0, 10, 0),
(216, 2, 43, 10, 0, 10, 0),
(217, 2, 60, 10, 0, 10, -2),
(218, 3, 60, 366, 0, 366, 2),
(219, 5, 60, 10, 0, 10, 1),
(221, 2, 61, 10, 0, 10, -1),
(222, 3, 61, 366, 0, 366, 0),
(223, 5, 61, 10, 0, 10, 0),
(226, 3, 41, 366, 0, 366, 1.5),
(227, 2, 41, 8.5, 1.5, 10, 2),
(228, 5, 41, 8, 2, 10, -3.5),
(231, 2, 62, 10, 0, 10, -6),
(232, 3, 62, 366, 0, 366, 0),
(233, 5, 62, 10, 0, 10, 0),
(235, 2, 63, 10, 0, 10, 0),
(236, 3, 63, 366, 0, 366, 0),
(237, 5, 63, 10, 0, 10, 0),
(240, 9, 59, 5, 0, 5, 0),
(241, 2, 4, 10, 0, 10, 0),
(242, 6, 59, 30, 0, 30, 2),
(243, 2, 64, 10, 0, 10, 0),
(244, 3, 64, 366, 0, 366, 0),
(245, 5, 64, 10, 0, 10, 0),
(246, 9, 64, 5, 0, 5, 0),
(247, 2, 65, 10, 0, 10, 0),
(248, 3, 65, 366, 0, 366, 0),
(249, 5, 65, 10, 0, 10, 0),
(250, 9, 65, 5, 0, 5, 0),
(251, 10, 65, 5, 0, 5, 0),
(252, 2, 66, 10, 0, 10, 0),
(253, 3, 66, 366, 0, 366, 0),
(254, 5, 66, 10, 0, 10, 0),
(255, 9, 66, 5, 0, 5, 0),
(256, 10, 66, 5, 0, 5, 0),
(257, 2, 67, 10, 0, 10, 0),
(258, 3, 67, 366, 0, 366, 0),
(259, 5, 67, 10, 0, 10, 0),
(260, 9, 67, 5, 0, 5, 0),
(261, 10, 67, 5, 0, 5, 0),
(262, 2, 68, 10, 0, 10, 0),
(263, 3, 68, 366, 0, 366, 0),
(264, 5, 68, 10, 0, 10, 0),
(265, 9, 68, 5, 0, 5, 0),
(266, 10, 68, 5, 0, 5, 0),
(267, 2, 69, 10, 0, 10, 0),
(268, 3, 69, 366, 0, 366, 0),
(269, 5, 69, 10, 0, 10, 0),
(270, 9, 69, 5, 0, 5, 0),
(271, 10, 69, 5, 0, 5, 0),
(272, 2, 70, 10, 0, 10, 0),
(273, 3, 70, 366, 0, 366, 0),
(274, 5, 70, 10, 0, 10, 0),
(275, 9, 70, 5, 0, 5, 0),
(276, 10, 70, 5, 0, 5, 0),
(277, 2, 71, 10, 0, 10, 0),
(278, 3, 71, 366, 0, 366, 0),
(279, 5, 71, 10, 0, 10, 0),
(280, 9, 71, 5, 0, 5, 0),
(281, 10, 71, 5, 0, 5, 0),
(282, 2, 72, 10, 0, 10, 0),
(283, 3, 72, 366, 0, 366, 0),
(284, 5, 72, 10, 0, 10, 0),
(285, 9, 72, 5, 0, 5, 0),
(286, 10, 72, 5, 0, 5, 0),
(287, 2, 73, 10, 0, 10, 0),
(288, 3, 73, 366, 0, 366, 0),
(289, 5, 73, 10, 0, 10, 0),
(290, 9, 73, 5, 0, 5, 0),
(291, 10, 73, 5, 0, 5, 0),
(292, 2, 74, 10, 0, 10, 0),
(293, 3, 74, 366, 0, 366, 0),
(294, 5, 74, 10, 0, 10, 0),
(295, 9, 74, 5, 0, 5, 0),
(296, 10, 74, 5, 0, 5, 0),
(297, 2, 75, 10, 0, 10, 0),
(298, 3, 75, 366, 0, 366, 0),
(299, 5, 75, 10, 0, 10, 0),
(300, 9, 75, 5, 0, 5, 0),
(301, 10, 75, 5, 0, 5, 0),
(302, 2, 76, 10, 0, 10, 0),
(303, 3, 76, 366, 0, 366, 0),
(304, 5, 76, 10, 0, 10, 0),
(305, 9, 76, 5, 0, 5, 0),
(306, 10, 76, 5, 0, 5, 0),
(307, 2, 77, 10, 0, 10, 0),
(308, 3, 77, 366, 0, 366, 0),
(309, 5, 77, 10, 0, 10, 0),
(310, 9, 77, 5, 0, 5, 0),
(311, 10, 77, 5, 0, 5, 0),
(312, 2, 78, 10, 0, 10, 0),
(313, 3, 78, 366, 0, 366, 0),
(314, 5, 78, 10, 0, 10, 0),
(315, 9, 78, 5, 0, 5, 0),
(316, 10, 78, 5, 0, 5, 0),
(317, 2, 79, 10, 0, 10, 0),
(318, 3, 79, 366, 0, 366, 0),
(319, 5, 79, 10, 0, 10, 0),
(320, 9, 79, 5, 0, 5, 0),
(321, 10, 79, 5, 0, 5, 0),
(322, 2, 80, 10, 0, 10, 0),
(323, 3, 80, 366, 0, 366, 0),
(324, 5, 80, 10, 0, 10, 0),
(325, 9, 80, 5, 0, 5, 0),
(326, 10, 80, 5, 0, 5, 0),
(327, 2, 81, 10, 0, 10, 0),
(328, 3, 81, 366, 0, 366, 0),
(329, 5, 81, 10, 0, 10, 0),
(330, 9, 81, 5, 0, 5, 0),
(331, 10, 81, 5, 0, 5, 0),
(332, 2, 82, 10, 0, 10, 0),
(333, 3, 82, 366, 0, 366, 0),
(334, 5, 82, 10, 0, 10, 0),
(335, 9, 82, 5, 0, 5, 0),
(336, 10, 82, 5, 0, 5, 0),
(337, 2, 83, 10, 0, 10, 0),
(338, 3, 83, 366, 0, 366, 0),
(339, 5, 83, 10, 0, 10, 0),
(340, 9, 83, 5, 0, 5, 0),
(341, 10, 83, 5, 0, 5, 0),
(342, 2, 84, 10, 0, 10, 0),
(343, 3, 84, 366, 0, 366, 0),
(344, 5, 84, 10, 0, 10, 0),
(345, 9, 84, 5, 0, 5, 0),
(346, 10, 84, 5, 0, 5, 0),
(347, 2, 85, 10, 0, 10, 0),
(348, 3, 85, 366, 0, 366, 0),
(349, 5, 85, 10, 0, 10, 0),
(350, 9, 85, 5, 0, 5, 0),
(351, 10, 85, 5, 0, 5, 0);

-- --------------------------------------------------------

--
-- Table structure for table `tbl_location`
--

CREATE TABLE `tbl_location` (
  `location_ID` int(11) NOT NULL,
  `location_name` varchar(255) NOT NULL
) ENGINE=InnoDB DEFAULT CHARSET=latin1;

--
-- Dumping data for table `tbl_location`
--

INSERT INTO `tbl_location` (`location_ID`, `location_name`) VALUES
(1, 'On-Site'),
(2, 'Work from Home');

-- --------------------------------------------------------

--
-- Table structure for table `tbl_overtime`
--

CREATE TABLE `tbl_overtime` (
  `overtimeID` int(11) NOT NULL,
  `employeeCode` varchar(255) NOT NULL,
  `overtimeDate` date NOT NULL,
  `hours` int(3) NOT NULL,
  `minutes` int(3) NOT NULL,
  `timeFrom` time NOT NULL,
  `reason` varchar(255) NOT NULL,
  `overtimeStatus` varchar(25) NOT NULL,
  `approval` varchar(255) NOT NULL,
  `dateFiled` date NOT NULL
) ENGINE=InnoDB DEFAULT CHARSET=latin1;

-- --------------------------------------------------------

--
-- Table structure for table `tbl_position`
--

CREATE TABLE `tbl_position` (
  `positionID` int(11) NOT NULL,
  `departmentID` int(11) NOT NULL,
  `positionName` varchar(100) NOT NULL,
  `addedBy` int(100) NOT NULL,
  `modifiedBy` int(100) NOT NULL
) ENGINE=InnoDB DEFAULT CHARSET=latin1;

--
-- Dumping data for table `tbl_position`
--

INSERT INTO `tbl_position` (`positionID`, `departmentID`, `positionName`, `addedBy`, `modifiedBy`) VALUES
(1, 1, 'President', 0, 0),
(2, 1, 'Chief Operating Officer', 0, 0),
(3, 2, 'Admin', 0, 0),
(4, 3, 'Business Development Manager', 0, 0),
(5, 3, 'Project Manager', 0, 0),
(6, 4, 'Senior Technical Consultant', 0, 0),
(7, 4, 'Technical Consultant', 0, 0),
(8, 4, 'Associate Technical Consultant', 0, 0),
(9, 4, 'Technical Developer', 0, 0),
(10, 4, 'Tester Data Developer', 0, 18001),
(12, 1, 'Test Executive', 0, 18001),
(14, 5, 'Assistant', 190040, 0),
(15, 3, 'HR Manager', 0, 0);

-- --------------------------------------------------------

--
-- Table structure for table `tbl_project`
--

CREATE TABLE `tbl_project` (
  `project_ID` int(11) NOT NULL,
  `project_name` varchar(255) NOT NULL
) ENGINE=InnoDB DEFAULT CHARSET=latin1;

--
-- Dumping data for table `tbl_project`
--

INSERT INTO `tbl_project` (`project_ID`, `project_name`) VALUES
(1, 'Admin'),
(2, 'Employee Utilization'),
(3, 'Archives'),
(4, 'Employee Timesheet'),
(5, 'Attendance'),
(6, 'Test Project');

-- --------------------------------------------------------

--
-- Table structure for table `tbl_shift`
--

CREATE TABLE `tbl_shift` (
  `shiftID` int(11) NOT NULL,
  `shiftName` varchar(50) NOT NULL,
  `timeIn` time NOT NULL,
  `timeOut` time NOT NULL
) ENGINE=InnoDB DEFAULT CHARSET=latin1;

-- --------------------------------------------------------

--
-- Table structure for table `tbl_submittedtimesheets`
--

CREATE TABLE `tbl_submittedtimesheets` (
  `timesheet_ID` int(11) NOT NULL,
  `employeeCode` varchar(255) NOT NULL,
  `timesheet_totalHours` int(11) NOT NULL,
  `timesheet_endDate` date NOT NULL,
  `timesheet_dateSubmitted` date NOT NULL,
  `timesheet_dateProcessed` date NOT NULL,
  `timesheet_status` varchar(255) NOT NULL,
  `timesheet_approval` varchar(255) NOT NULL,
  `timesheet_timeSubmitted` time NOT NULL
) ENGINE=InnoDB DEFAULT CHARSET=latin1;

-- --------------------------------------------------------

--
-- Table structure for table `tbl_test`
--

CREATE TABLE `tbl_test` (
  `id` int(255) NOT NULL,
  `idTest` int(255) NOT NULL
) ENGINE=InnoDB DEFAULT CHARSET=latin1;

--
-- Dumping data for table `tbl_test`
--

INSERT INTO `tbl_test` (`id`, `idTest`) VALUES
(1, 0),
(2, 0);

-- --------------------------------------------------------

--
-- Table structure for table `tbl_timesheet`
--

CREATE TABLE `tbl_timesheet` (
  `timesheet_ID` int(11) NOT NULL,
  `employeeCode` varchar(255) NOT NULL,
  `timesheet_endDate` date NOT NULL,
  `timesheet_dateSubmitted` date NOT NULL
) ENGINE=MyISAM DEFAULT CHARSET=latin1;

--
-- Dumping data for table `tbl_timesheet`
--

INSERT INTO `tbl_timesheet` (`timesheet_ID`, `employeeCode`, `timesheet_endDate`, `timesheet_dateSubmitted`) VALUES
(1, '180001', '2018-03-14', '0000-00-00');

-- --------------------------------------------------------

--
-- Table structure for table `tbl_weeklyutilization`
--

CREATE TABLE `tbl_weeklyutilization` (
  `weekly_ID` int(11) NOT NULL,
  `employeeCode` varchar(255) NOT NULL,
  `weekly_startDate` date NOT NULL,
  `weekly_endDate` date NOT NULL,
  `project_ID` int(11) NOT NULL,
  `work_ID` int(11) NOT NULL,
  `activityOthers_ID` int(11) DEFAULT NULL,
  `activityAdmin_ID` int(11) DEFAULT NULL,
  `weekly_description` varchar(255) DEFAULT NULL,
  `weekly_sunday` float(3,1) NOT NULL,
  `weekly_monday` float(3,1) NOT NULL,
  `weekly_tuesday` float(3,1) NOT NULL,
  `weekly_wednesday` float(3,1) NOT NULL,
  `weekly_thursday` float(3,1) NOT NULL,
  `weekly_friday` float(3,1) NOT NULL,
  `weekly_saturday` float(3,1) NOT NULL,
  `weekly_total` varchar(255) DEFAULT NULL,
  `weekly_overallTotal` varchar(255) DEFAULT NULL,
  `location_ID` varchar(225) DEFAULT NULL,
  `weekly_timeSubmitted` varchar(255) DEFAULT NULL,
  `weekly_dateProcessed` varchar(255) DEFAULT NULL,
  `weekly_status` varchar(255) NOT NULL,
  `weekly_approval` varchar(255) DEFAULT NULL,
  `weekly_dateSubmitted` varchar(255) DEFAULT NULL,
  `weekly_taskCode` varchar(255) NOT NULL,
  `weekly_saturdayComment` varchar(255) DEFAULT NULL,
  `weekly_sundayComment` varchar(255) DEFAULT NULL,
  `weekly_mondayComment` varchar(255) DEFAULT NULL,
  `weekly_tuesdayComment` varchar(255) DEFAULT NULL,
  `weekly_wednesdayComment` varchar(255) DEFAULT NULL,
  `weekly_thursdayComment` varchar(255) DEFAULT NULL,
  `weekly_fridayComment` varchar(255) DEFAULT NULL,
  `weekly_timesheetCode` varchar(255) DEFAULT NULL,
  `is_shown` tinyint(1) DEFAULT NULL
) ENGINE=InnoDB DEFAULT CHARSET=latin1;

--
-- Dumping data for table `tbl_weeklyutilization`
--

INSERT INTO `tbl_weeklyutilization` (`weekly_ID`, `employeeCode`, `weekly_startDate`, `weekly_endDate`, `project_ID`, `work_ID`, `activityOthers_ID`, `activityAdmin_ID`, `weekly_description`, `weekly_sunday`, `weekly_monday`, `weekly_tuesday`, `weekly_wednesday`, `weekly_thursday`, `weekly_friday`, `weekly_saturday`, `weekly_total`, `weekly_overallTotal`, `location_ID`, `weekly_timeSubmitted`, `weekly_dateProcessed`, `weekly_status`, `weekly_approval`, `weekly_dateSubmitted`, `weekly_taskCode`, `weekly_saturdayComment`, `weekly_sundayComment`, `weekly_mondayComment`, `weekly_tuesdayComment`, `weekly_wednesdayComment`, `weekly_thursdayComment`, `weekly_fridayComment`, `weekly_timesheetCode`, `is_shown`) VALUES
(13, '190058', '2019-10-07', '2019-10-05', 4, 1, NULL, NULL, NULL, 0.0, 5.0, 0.0, 0.0, 0.0, 0.0, 0.0, NULL, NULL, '2', NULL, '2019-10-21', 'Not Submitted', 'Approved', NULL, '47', NULL, NULL, NULL, NULL, NULL, NULL, NULL, NULL, NULL),
(14, '190058', '2019-10-07', '2019-10-05', 1, 1, NULL, NULL, NULL, 0.0, 7.0, 0.0, 0.0, 0.0, 0.0, 0.0, NULL, NULL, '1', NULL, '2019-10-21', 'Not Submitted', 'Approved', NULL, '64', NULL, NULL, NULL, NULL, NULL, NULL, NULL, NULL, NULL),
(34, '190060', '2019-09-30', '2019-09-28', 2, 3, NULL, NULL, NULL, 0.0, 0.0, 0.0, 0.0, 0.0, 0.0, 7.0, NULL, NULL, '1', NULL, NULL, 'Not Submitted', NULL, NULL, '44', NULL, NULL, NULL, NULL, NULL, NULL, NULL, NULL, NULL),
(35, '190060', '2019-09-30', '2019-09-28', 5, 1, NULL, NULL, NULL, 0.0, 3.0, 0.0, 0.0, 0.0, 0.0, 0.0, NULL, NULL, '2', NULL, NULL, 'Not Submitted', NULL, NULL, '7', NULL, NULL, NULL, NULL, NULL, NULL, NULL, NULL, NULL),
(132, '190040', '2019-10-14', '2019-10-12', 5, 1, NULL, NULL, NULL, 0.0, 6.0, 0.0, 0.0, 0.0, 0.0, 0.0, NULL, NULL, '2', NULL, '2019-10-21', 'Not Submitted', 'Approved', NULL, '23', NULL, NULL, NULL, NULL, NULL, NULL, NULL, NULL, NULL),
(228, '190063', '2019-10-14', '2019-10-20', 3, 1, NULL, NULL, NULL, 0.0, 1.0, 1.0, 1.0, 1.0, 1.5, 0.0, NULL, NULL, '1', NULL, NULL, 'Amended', '', '2019-10-22', 'archieves reghr oct20 on-site M1T1W1Th1F1', NULL, NULL, NULL, NULL, NULL, NULL, NULL, NULL, NULL),
(241, '190063', '2019-10-21', '2019-10-27', 5, 1, NULL, NULL, NULL, 0.0, 1.0, 3.5, 0.0, 0.0, 2.0, 0.0, NULL, NULL, '1', NULL, '2019-10-22', 'Processed', 'Declined', '2019-10-22', 'Attendance RegHr On-site M1T3.5F2', NULL, NULL, NULL, NULL, NULL, NULL, NULL, NULL, NULL),
(242, '190063', '2019-10-21', '2019-10-27', 3, 2, NULL, NULL, NULL, 0.0, 0.5, 0.0, 4.5, 0.0, 0.0, 0.0, NULL, NULL, '2', NULL, '2019-10-22', 'Processed', 'Declined', '2019-10-22', 'Archieves RegOT WR M0.5 W 4.5 ', NULL, NULL, NULL, NULL, NULL, NULL, NULL, NULL, NULL),
(243, '190063', '2019-10-21', '2019-10-27', 4, 2, NULL, NULL, NULL, 0.0, 4.0, 6.0, 0.5, 0.0, 1.5, 0.0, NULL, NULL, '2', NULL, '2019-10-22', 'Processed', 'Declined', '2019-10-22', 'EmpTimesheet WR M4T6W0.5', NULL, NULL, NULL, NULL, NULL, NULL, NULL, NULL, NULL),
(244, '190063', '2019-10-21', '2019-10-27', 1, 1, NULL, NULL, NULL, 0.0, 1.0, 1.0, 1.0, 1.0, 2.5, 0.0, NULL, NULL, '1', NULL, '2019-10-22', 'Processed', 'Declined', '2019-10-22', 'Admin RegHr On-site MTWThF1', NULL, NULL, NULL, NULL, NULL, NULL, NULL, NULL, NULL),
(248, '190058', '2019-10-14', '2019-10-20', 5, 1, NULL, NULL, NULL, 0.0, 3.5, 0.0, 3.5, 0.0, 0.0, 0.0, NULL, NULL, '2', NULL, '2019-10-22', 'Processed', 'Declined', '2019-10-22', 'Attendance RegHr WR M3.5 W3.5', NULL, NULL, NULL, NULL, NULL, NULL, NULL, NULL, NULL),
(249, '190058', '2019-10-14', '2019-10-20', 3, 2, NULL, NULL, NULL, 0.0, 3.0, 4.0, 0.0, 0.0, 0.0, 0.0, NULL, NULL, '2', NULL, '2019-10-22', 'Processed', 'Declined', '2019-10-22', 'Archives RegOT WR M3 T4', NULL, NULL, NULL, NULL, NULL, NULL, NULL, NULL, NULL),
(253, '190041', '2019-10-07', '2019-10-13', 1, 1, NULL, NULL, NULL, 0.0, 3.5, 0.0, 2.0, 1.0, 2.0, 0.0, NULL, NULL, '2', NULL, '2019-10-22', 'Processed', 'Approved', '2019-10-22', 'Admin RegHour oct13 WR M3.5 W2Th1F2', NULL, NULL, NULL, NULL, NULL, NULL, NULL, NULL, NULL),
(272, '190041', '2019-10-14', '2019-10-20', 1, 3, NULL, NULL, NULL, 0.0, 2.0, 0.0, 0.0, 0.0, 0.0, 0.0, NULL, NULL, '1', NULL, '2019-10-22', 'Amended', 'Approved', '2019-10-22', 'admin oct20end M2', NULL, NULL, NULL, NULL, NULL, NULL, NULL, NULL, NULL),
(273, '190041', '2019-10-14', '2019-10-20', 3, 3, NULL, NULL, NULL, 0.0, 3.0, 0.0, 4.5, 0.0, 0.0, 0.0, NULL, NULL, '1', NULL, '2019-10-22', 'Amended', 'Approved', '2019-10-22', 'archives oct20end M3W4.5', NULL, NULL, NULL, NULL, NULL, NULL, NULL, NULL, NULL),
(274, '190041', '2019-10-14', '2019-10-20', 5, 2, NULL, NULL, NULL, 0.0, 0.0, 2.0, 0.0, 1.5, 1.0, 0.0, NULL, NULL, '1', NULL, '2019-10-22', 'Amended', 'Approved', '2019-10-22', 'Attendance RegularOT On-site T2 Th1.5 ', NULL, NULL, NULL, NULL, NULL, NULL, NULL, NULL, NULL),
(275, '190041', '2019-10-21', '2019-10-27', 4, 1, NULL, NULL, NULL, 0.0, 2.0, 0.0, 0.0, 0.0, 0.0, 0.0, NULL, NULL, '2', NULL, '2019-10-30', 'Approved', 'Approved', '2019-10-24', 'EmpTimesheet RegHour WR M2', NULL, NULL, NULL, NULL, NULL, NULL, NULL, NULL, NULL),
(276, '190041', '2019-10-21', '2019-10-27', 2, 4, NULL, NULL, NULL, 0.0, 3.5, 0.0, 0.0, 0.0, 0.0, 0.0, NULL, NULL, '1', NULL, '2019-10-30', 'Approved', 'Approved', '2019-10-24', 'EmpUtil NightDiff On-site M3.5', NULL, NULL, NULL, NULL, NULL, NULL, NULL, NULL, NULL),
(286, '190049', '2019-10-21', '2019-10-27', 2, 1, NULL, NULL, NULL, 0.0, 5.0, 0.0, 0.0, 0.0, 0.0, 0.0, NULL, NULL, '2', NULL, '2019-10-23', 'Processed', 'Approved', '2019-10-23', '3', NULL, NULL, NULL, NULL, NULL, NULL, NULL, NULL, NULL),
(287, '190049', '2019-10-21', '2019-10-27', 1, 1, NULL, NULL, NULL, 0.0, 3.5, 0.0, 0.0, 0.0, 0.0, 0.0, NULL, NULL, '1', NULL, '2019-10-23', 'Processed', 'Approved', '2019-10-23', '5', NULL, NULL, NULL, NULL, NULL, NULL, NULL, NULL, NULL),
(288, '190049', '2019-10-21', '2019-10-27', 2, 1, NULL, NULL, NULL, 0.0, 0.0, 3.5, 0.0, 0.0, 0.0, 0.0, NULL, NULL, '2', NULL, '2019-10-23', 'Processed', 'Approved', '2019-10-23', '7', NULL, NULL, NULL, NULL, NULL, NULL, NULL, NULL, NULL),
(289, '190049', '2019-10-21', '2019-10-27', 5, 1, NULL, NULL, NULL, 0.0, 0.0, 5.0, 0.0, 0.0, 0.0, 0.0, NULL, NULL, '1', NULL, '2019-10-23', 'Processed', 'Approved', '2019-10-23', '1', NULL, NULL, NULL, NULL, NULL, NULL, NULL, NULL, NULL),
(290, '190049', '2019-10-21', '2019-10-27', 1, 1, NULL, NULL, NULL, 0.0, 0.0, 0.0, 4.0, 0.0, 0.0, 0.0, NULL, NULL, '2', NULL, '2019-10-23', 'Processed', 'Approved', '2019-10-23', '2', NULL, NULL, NULL, NULL, NULL, NULL, NULL, NULL, NULL),
(291, '190049', '2019-10-21', '2019-10-27', 2, 5, NULL, NULL, NULL, 0.0, 0.0, 0.0, 6.0, 0.0, 0.0, 0.0, NULL, NULL, '2', NULL, '2019-10-23', 'Processed', 'Approved', '2019-10-23', '33', NULL, NULL, NULL, NULL, NULL, NULL, NULL, NULL, NULL),
(292, '190049', '2019-10-21', '2019-10-27', 3, 3, NULL, NULL, NULL, 0.0, 0.0, 0.0, 0.0, 5.5, 0.0, 0.0, NULL, NULL, '1', NULL, '2019-10-23', 'Processed', 'Approved', '2019-10-23', '9', NULL, NULL, NULL, NULL, NULL, NULL, NULL, NULL, NULL),
(293, '190049', '2019-10-21', '2019-10-27', 5, 1, NULL, NULL, NULL, 0.0, 0.0, 0.0, 0.0, 3.0, 0.0, 0.0, NULL, NULL, '2', NULL, '2019-10-23', 'Processed', 'Approved', '2019-10-23', '89', NULL, NULL, NULL, NULL, NULL, NULL, NULL, NULL, NULL),
(294, '190049', '2019-10-21', '2019-10-27', 1, 1, NULL, NULL, NULL, 0.0, 0.0, 0.0, 0.0, 0.0, 4.5, 0.0, NULL, NULL, '1', NULL, '2019-10-23', 'Processed', 'Approved', '2019-10-23', '44', NULL, NULL, NULL, NULL, NULL, NULL, NULL, NULL, NULL),
(295, '190049', '2019-10-21', '2019-10-27', 4, 1, NULL, NULL, NULL, 0.0, 0.0, 0.0, 0.0, 0.0, 4.0, 0.0, NULL, NULL, '2', NULL, '2019-10-23', 'Processed', 'Approved', '2019-10-23', '76', NULL, NULL, NULL, NULL, NULL, NULL, NULL, NULL, NULL),
(302, '190060', '2019-10-21', '2019-10-27', 2, 2, NULL, NULL, NULL, 0.0, 7.0, 0.0, 0.0, 0.0, 0.0, 0.0, NULL, NULL, '2', NULL, '2019-10-23', 'Processed', 'Approved', '2019-10-23', '45', NULL, NULL, NULL, NULL, NULL, NULL, NULL, NULL, NULL),
(303, '190060', '2019-10-21', '2019-10-27', 2, 1, NULL, NULL, NULL, 0.0, 0.0, 4.0, 0.0, 0.0, 0.0, 0.0, NULL, NULL, '2', NULL, '2019-10-23', 'Processed', 'Approved', '2019-10-23', '8', NULL, NULL, NULL, NULL, NULL, NULL, NULL, NULL, NULL),
(304, '190060', '2019-10-21', '2019-10-27', 1, 1, NULL, NULL, NULL, 0.0, 0.0, 3.0, 0.0, 0.0, 0.0, 0.0, NULL, NULL, '2', NULL, '2019-10-23', 'Processed', 'Approved', '2019-10-23', '3', NULL, NULL, NULL, NULL, NULL, NULL, NULL, NULL, NULL),
(305, '190060', '2019-10-21', '2019-10-27', 4, 5, NULL, NULL, NULL, 0.0, 0.0, 0.0, 5.5, 0.0, 0.0, 0.0, NULL, NULL, '1', NULL, '2019-10-23', 'Processed', 'Approved', '2019-10-23', '23', NULL, NULL, NULL, NULL, NULL, NULL, NULL, NULL, NULL),
(306, '190060', '2019-10-21', '2019-10-27', 1, 1, NULL, NULL, NULL, 0.0, 0.0, 0.0, 4.0, 0.0, 0.0, 0.0, NULL, NULL, '1', NULL, '2019-10-23', 'Processed', 'Approved', '2019-10-23', '21', NULL, NULL, NULL, NULL, NULL, NULL, NULL, NULL, NULL),
(307, '190060', '2019-10-21', '2019-10-27', 3, 1, NULL, NULL, NULL, 0.0, 0.0, 0.0, 0.0, 4.0, 0.0, 0.0, NULL, NULL, '1', NULL, '2019-10-23', 'Processed', 'Approved', '2019-10-23', '32', NULL, NULL, NULL, NULL, NULL, NULL, NULL, NULL, NULL),
(308, '190060', '2019-10-21', '2019-10-27', 2, 1, NULL, NULL, NULL, 0.0, 0.0, 0.0, 0.0, 4.5, 0.0, 0.0, NULL, NULL, '2', NULL, '2019-10-23', 'Processed', 'Approved', '2019-10-23', '65', NULL, NULL, NULL, NULL, NULL, NULL, NULL, NULL, NULL),
(309, '190060', '2019-10-21', '2019-10-27', 1, 3, NULL, NULL, NULL, 0.0, 0.0, 0.0, 0.0, 0.0, 4.5, 0.0, NULL, NULL, '1', NULL, '2019-10-23', 'Processed', 'Approved', '2019-10-23', '41', NULL, NULL, NULL, NULL, NULL, NULL, NULL, NULL, NULL),
(310, '190060', '2019-10-21', '2019-10-27', 4, 3, NULL, NULL, NULL, 0.0, 0.0, 0.0, 0.0, 0.0, 2.0, 0.0, NULL, NULL, '1', NULL, '2019-10-23', 'Processed', 'Approved', '2019-10-23', '49', NULL, NULL, NULL, NULL, NULL, NULL, NULL, NULL, NULL),
(311, '190060', '2019-10-21', '2019-10-27', 3, 3, NULL, NULL, NULL, 0.0, 0.0, 0.0, 0.0, 0.0, 2.0, 0.0, NULL, NULL, '2', NULL, '2019-10-23', 'Processed', 'Approved', '2019-10-23', '11', NULL, NULL, NULL, NULL, NULL, NULL, NULL, NULL, NULL),
(312, '190060', '2019-10-14', '2019-10-20', 4, 3, NULL, NULL, NULL, 0.0, 0.0, 0.0, 0.0, 0.0, 0.0, 3.0, NULL, NULL, '1', NULL, NULL, 'Pending', 'Pending', '2019-10-23', '44', NULL, NULL, NULL, NULL, NULL, NULL, NULL, NULL, NULL),
(313, '190060', '2019-10-07', '2019-10-13', 4, 1, NULL, NULL, NULL, 0.0, 7.0, 7.0, 4.0, 7.0, 7.0, 0.0, NULL, NULL, '2', NULL, '2019-10-23', 'Amended', 'Approved', '2019-10-23', 'EmpTimesheet RegHour WR Oct13 M7 T7 W4 Th7 F7', NULL, NULL, NULL, NULL, NULL, NULL, NULL, NULL, NULL),
(323, '190049', '2019-09-30', '2019-10-06', 1, 5, NULL, NULL, NULL, 0.0, 3.5, 0.0, 0.0, 0.0, 0.0, 0.0, NULL, NULL, '2', NULL, '2019-11-05', 'Declined', 'Declined', NULL, '221', NULL, NULL, NULL, NULL, NULL, NULL, NULL, NULL, NULL),
(324, '190049', '2019-09-30', '2019-10-06', 3, 1, NULL, NULL, NULL, 0.0, 5.0, 0.0, 0.0, 0.0, 0.0, 0.0, NULL, NULL, '2', NULL, '2019-11-05', 'Declined', 'Declined', NULL, '12', NULL, NULL, NULL, NULL, NULL, NULL, NULL, NULL, NULL),
(325, '190049', '2019-09-30', '2019-10-06', 4, 1, NULL, NULL, NULL, 0.0, 0.0, 5.5, 0.0, 0.0, 0.0, 0.0, NULL, NULL, '2', NULL, '2019-11-05', 'Declined', 'Declined', NULL, '13', NULL, NULL, NULL, NULL, NULL, NULL, NULL, NULL, NULL),
(326, '190049', '2019-09-30', '2019-10-06', 3, 4, NULL, NULL, NULL, 0.0, 0.0, 3.0, 0.0, 0.0, 0.0, 0.0, NULL, NULL, '1', NULL, '2019-11-05', 'Declined', 'Declined', NULL, '41', NULL, NULL, NULL, NULL, NULL, NULL, NULL, NULL, NULL),
(327, '190049', '2019-09-30', '2019-10-06', 4, 3, NULL, NULL, NULL, 0.0, 0.0, 0.0, 5.0, 0.0, 0.0, 0.0, NULL, NULL, '2', NULL, '2019-11-05', 'Declined', 'Declined', NULL, '13', NULL, NULL, NULL, NULL, NULL, NULL, NULL, NULL, NULL),
(328, '190049', '2019-09-30', '2019-10-06', 4, 3, NULL, NULL, NULL, 0.0, 0.0, 0.0, 0.0, 6.0, 0.0, 0.0, NULL, NULL, '1', NULL, '2019-11-05', 'Declined', 'Declined', NULL, '45', NULL, NULL, NULL, NULL, NULL, NULL, NULL, NULL, NULL),
(329, '190049', '2019-09-30', '2019-10-06', 1, 4, NULL, NULL, NULL, 0.0, 0.0, 0.0, 0.0, 3.0, 0.0, 0.0, NULL, NULL, '1', NULL, '2019-11-05', 'Declined', 'Declined', NULL, '31', NULL, NULL, NULL, NULL, NULL, NULL, NULL, NULL, NULL),
(330, '190049', '2019-09-30', '2019-10-06', 4, 1, NULL, NULL, NULL, 0.0, 0.0, 0.0, 0.0, 0.0, 4.0, 0.0, NULL, NULL, '2', NULL, '2019-11-05', 'Declined', 'Declined', NULL, '48', NULL, NULL, NULL, NULL, NULL, NULL, NULL, NULL, NULL),
(331, '190049', '2019-09-30', '2019-10-06', 3, 2, NULL, NULL, NULL, 0.0, 0.0, 0.0, 0.0, 0.0, 4.0, 0.0, NULL, NULL, '1', NULL, '2019-11-05', 'Declined', 'Declined', NULL, '13', NULL, NULL, NULL, NULL, NULL, NULL, NULL, NULL, NULL),
(332, '190058', '2019-10-21', '2019-10-27', 3, 1, NULL, NULL, NULL, 0.0, 2.5, 0.0, 2.0, 0.0, 0.0, 0.0, NULL, NULL, '2', NULL, NULL, 'Pending', 'Pending', NULL, 'test oct22', NULL, NULL, NULL, NULL, NULL, NULL, NULL, NULL, NULL),
(333, '190058', '2019-10-21', '2019-10-27', 2, 1, NULL, NULL, NULL, 0.0, 0.0, 0.0, 0.0, 2.5, 0.0, 0.0, NULL, NULL, '2', NULL, NULL, 'Pending', 'Pending', NULL, 'EmpUtil oct22 RegHr WR Th2.5', NULL, NULL, NULL, NULL, NULL, NULL, NULL, NULL, NULL),
(334, '190057', '2019-10-21', '2019-10-27', 2, 1, NULL, NULL, NULL, 0.0, 0.0, 0.0, 5.0, 0.0, 0.0, 0.0, NULL, NULL, '2', NULL, NULL, 'Pending', 'Pending', '2019-10-23', '789', NULL, NULL, NULL, NULL, NULL, NULL, NULL, NULL, NULL),
(335, '190040', '2019-10-21', '2019-10-27', 4, 5, NULL, NULL, NULL, 0.0, 0.0, 5.0, 0.0, 0.0, 0.0, 0.0, NULL, NULL, '2', NULL, NULL, 'Pending', 'Pending', NULL, '41', NULL, NULL, NULL, NULL, NULL, NULL, NULL, NULL, NULL),
(336, '190040', '2019-10-21', '2019-10-27', 3, 5, NULL, NULL, NULL, 0.0, 0.0, 5.0, 0.0, 0.0, 0.0, 0.0, NULL, NULL, '2', NULL, NULL, 'Pending', 'Pending', NULL, '5', NULL, NULL, NULL, NULL, NULL, NULL, NULL, NULL, NULL),
(337, '190040', '2019-10-21', '2019-10-27', 1, 1, NULL, NULL, NULL, 0.0, 1.5, -3.0, 1.2, 0.0, 0.0, 0.0, NULL, NULL, '1', NULL, NULL, 'Not Submitted', 'Pending', NULL, '111', NULL, NULL, NULL, NULL, NULL, NULL, NULL, NULL, NULL),
(338, '190040', '2019-10-07', '2019-10-13', 2, 1, NULL, NULL, NULL, 0.0, 6.0, 0.0, 0.0, 0.0, 0.0, 0.0, NULL, NULL, '2', NULL, NULL, 'Pending', 'Pending', '2019-10-24', '56', NULL, NULL, NULL, NULL, NULL, NULL, NULL, NULL, NULL),
(339, '190040', '2019-10-07', '2019-10-13', 3, 1, NULL, NULL, NULL, 0.0, 0.0, 2.0, 1.5, 0.0, 0.0, 0.0, NULL, NULL, '2', NULL, NULL, 'Pending', 'Pending', '2019-10-24', '123', NULL, NULL, NULL, NULL, NULL, NULL, NULL, NULL, NULL),
(341, '18001', '2019-10-21', '2019-10-27', 1, 3, NULL, NULL, NULL, 7.0, 20.0, 20.0, 3.0, 4.0, 5.0, 6.0, NULL, NULL, '22', NULL, NULL, 'Pending', 'Pending', '2019-10-25', '11', NULL, NULL, NULL, NULL, NULL, NULL, NULL, NULL, NULL),
(347, '190041', '2019-10-28', '2019-11-03', 3, 1, NULL, NULL, NULL, 0.0, 0.0, 0.0, 1.5, 1.5, 0.0, 0.0, NULL, NULL, 'test', NULL, NULL, 'Approved', 'Approved', NULL, 'archive regHR Th1', NULL, NULL, NULL, NULL, NULL, NULL, NULL, NULL, NULL),
(349, '190059', '2019-11-04', '2019-11-10', 5, 2, NULL, NULL, NULL, 0.0, 2.5, 5.5, 8.0, 8.0, 8.0, 8.0, NULL, NULL, 'test123', NULL, NULL, 'Amended Pending', 'Pending', '2019-11-05', 'taskB', NULL, NULL, NULL, NULL, NULL, NULL, NULL, NULL, NULL),
(351, '190059', '2019-10-28', '2019-11-03', 5, 1, NULL, NULL, NULL, 9.0, 8.0, 1.0, 1.5, 1.5, 9.0, 12.0, NULL, NULL, 'test', NULL, '2019-11-05', 'Amended Approved', 'Approved', '2019-11-05', 'taskA', NULL, NULL, NULL, NULL, NULL, NULL, NULL, NULL, NULL),
(352, '190041', '2019-11-11', '2019-11-17', 1, 2, NULL, NULL, NULL, 1.0, 1.5, 1.5, 1.0, 2.0, 1.5, 1.5, NULL, NULL, 'Nov13', NULL, '2019-11-13', 'Amended Approved', 'Approved', '2019-11-13', 'Nov13 TEst', NULL, NULL, NULL, NULL, NULL, NULL, NULL, NULL, NULL),
(353, '190041', '2019-11-11', '2019-11-17', 5, 2, NULL, NULL, NULL, 0.0, 1.5, 1.0, 3.5, 7.0, 7.5, 9.5, NULL, NULL, 'Nov13 2', NULL, '2019-11-13', 'Amended Approved', 'Approved', '2019-11-13', 'Nov13Test2', NULL, NULL, NULL, NULL, NULL, NULL, NULL, NULL, NULL),
(354, '190041', '2019-11-04', '2019-11-10', 5, 1, NULL, NULL, NULL, 0.0, 10.0, 10.0, 10.0, 10.0, 0.0, 0.0, NULL, NULL, 'Nov13', NULL, NULL, 'Amended Pending', 'Pending', '2019-11-13', 'test123', NULL, NULL, NULL, NULL, NULL, NULL, NULL, NULL, NULL),
(355, '190041', '2019-11-25', '2019-12-01', 1, 1, NULL, NULL, NULL, 0.0, 10.0, 21.0, 9.0, 0.0, 0.0, 0.0, NULL, NULL, 'test', NULL, NULL, 'Pending', 'Pending', '2019-11-13', 'Nov13 Test', NULL, NULL, NULL, NULL, NULL, NULL, NULL, NULL, NULL),
(356, '190058', '2019-11-11', '2019-11-17', 5, 1, NULL, NULL, NULL, 0.0, 10.0, 10.0, 10.0, 10.0, 0.0, 0.0, NULL, NULL, 'Test Nov13', NULL, NULL, 'Pending', 'Pending', '2019-11-13', 'Nov13 Test', NULL, NULL, NULL, NULL, NULL, NULL, NULL, NULL, NULL),
(358, '190059', '2019-11-11', '2019-11-17', 1, 3, NULL, NULL, NULL, 0.0, 3.0, 3.0, 2.0, 2.0, 2.0, 0.0, NULL, NULL, 'hmm', NULL, '2019-11-14', 'Amended Pending', 'Pending', '2019-11-14', 'awaw', NULL, NULL, NULL, NULL, NULL, NULL, NULL, NULL, NULL),
(359, '190059', '2019-11-11', '2019-11-17', 1, 3, NULL, NULL, NULL, 0.0, 5.0, 8.0, 7.0, 9.0, 6.0, 0.0, NULL, NULL, 'aws', NULL, '2019-11-14', 'Amended Pending', 'Pending', '2019-11-14', '111', NULL, NULL, NULL, NULL, NULL, NULL, NULL, NULL, NULL),
(360, '190052', '2019-11-11', '2019-11-17', 1, 4, NULL, NULL, NULL, 0.0, 8.0, 9.0, 8.0, 8.0, 9.0, 8.0, NULL, NULL, 'asd', NULL, '2019-11-14', 'Amended Pending', 'Pending', '2019-11-14', 'atat', NULL, NULL, NULL, NULL, NULL, NULL, NULL, NULL, NULL),
(362, '190041', '2019-12-02', '2019-12-08', 4, 1, NULL, NULL, NULL, 0.0, 10.0, 0.0, 0.0, 0.0, 0.0, 0.0, NULL, NULL, 'test', NULL, NULL, 'Not Submitted', 'Pending', NULL, 'task1', NULL, NULL, NULL, NULL, NULL, NULL, NULL, NULL, NULL),
(363, '190041', '2019-12-09', '2019-12-15', 3, 1, NULL, NULL, NULL, 0.0, 10.0, 10.0, 20.0, 0.0, 0.0, 0.0, NULL, NULL, 'test', NULL, NULL, 'Pending', 'Pending', '2019-11-14', 'task1', NULL, NULL, NULL, NULL, NULL, NULL, NULL, NULL, NULL),
(364, '190041', '2019-12-16', '2019-12-22', 4, 1, NULL, NULL, NULL, 0.0, 20.0, 20.0, 0.0, 0.0, 0.0, 0.0, NULL, NULL, 'sadsa', NULL, NULL, 'Pending', 'Pending', '2019-11-14', 'tatsasdasd', NULL, NULL, NULL, NULL, NULL, NULL, NULL, NULL, NULL),
(377, '190040', '2019-11-11', '2019-11-17', 3, 1, NULL, NULL, NULL, 0.0, 2.0, 2.0, 1.5, 0.0, 0.0, 0.0, NULL, NULL, 'project3', NULL, '2019-11-14', 'Amended Approved', 'Approved', '2019-11-14', 'task321', NULL, NULL, NULL, NULL, NULL, NULL, NULL, NULL, NULL),
(378, '190040', '2019-11-11', '2019-11-17', 4, 1, NULL, NULL, NULL, 0.0, 8.0, 8.0, 0.0, 0.0, 0.0, 0.0, NULL, NULL, 'project2', NULL, '2019-11-14', 'Amended Approved', 'Approved', '2019-11-14', 'task213', NULL, NULL, NULL, NULL, NULL, NULL, NULL, NULL, NULL),
(379, '190040', '2019-11-11', '2019-11-17', 5, 1, NULL, NULL, NULL, 0.0, 10.0, 10.0, 10.0, 2.5, 2.0, 10.0, NULL, NULL, 'project', NULL, '2019-11-14', 'Amended Approved', 'Approved', '2019-11-14', 'task123', NULL, NULL, NULL, NULL, NULL, NULL, NULL, NULL, NULL),
(381, '190059', '2019-11-18', '2019-11-24', 1, 3, NULL, NULL, NULL, 0.0, 12.0, 12.0, 12.0, 12.0, 12.0, 0.0, NULL, NULL, 'maysakit masakit na masakit mahirap pa', NULL, NULL, 'Pending', 'Pending', '2019-11-22', '123asd', NULL, NULL, NULL, NULL, NULL, NULL, NULL, NULL, NULL),
(382, '190059', '2019-11-18', '2019-11-24', 0, 3, NULL, NULL, NULL, 0.0, 0.0, 0.0, 0.0, 0.0, 0.0, 0.0, NULL, NULL, '', NULL, NULL, 'Pending', 'Pending', '2019-11-22', 'atat', NULL, NULL, NULL, NULL, NULL, NULL, NULL, NULL, NULL),
(392, '190058', '2019-12-02', '2019-12-08', 3, 1, NULL, NULL, NULL, 0.0, 2.0, 2.0, 1.5, 0.0, 0.0, 0.0, NULL, NULL, 'sdfsdfs', NULL, '2019-12-09', 'Amended Approved', 'Approved', '2019-12-09', 'sdfsf', NULL, NULL, NULL, NULL, NULL, NULL, NULL, NULL, NULL),
(393, '190058', '2019-12-02', '2019-12-08', 5, 4, NULL, NULL, NULL, 0.0, 10.0, 10.0, 10.0, 10.0, 0.0, 1.0, NULL, NULL, 'asdasdas', NULL, '2019-12-09', 'Amended Approved', 'Approved', '2019-12-09', 'sadas', NULL, NULL, NULL, NULL, NULL, NULL, NULL, NULL, NULL),
(394, '190058', '2019-12-09', '2019-12-15', 1, 1, NULL, NULL, NULL, 0.0, 4.0, 1.5, 10.0, 10.0, 10.0, 10.0, NULL, NULL, 'yrdydr', NULL, '2019-12-09', 'Amended Approved', 'Approved', '2019-12-09', 'sadasdf', NULL, NULL, NULL, NULL, NULL, NULL, NULL, NULL, NULL),
(395, '190058', '2019-12-09', '2019-12-15', 5, 3, NULL, NULL, NULL, 0.0, 10.0, 10.0, 10.0, 0.0, 0.0, 0.0, NULL, NULL, '', NULL, '2019-12-09', 'Amended Approved', 'Approved', '2019-12-09', 'asd', NULL, NULL, NULL, NULL, NULL, NULL, NULL, NULL, NULL),
(396, '190059', '2020-04-27', '2020-05-03', 6, 1, NULL, NULL, NULL, 0.0, 8.0, 0.0, 0.0, 0.0, 0.0, 0.0, NULL, NULL, '4 hrs - extra4 hrs - new project', NULL, NULL, 'Not Submitted', 'Pending', NULL, '', NULL, NULL, NULL, NULL, NULL, NULL, NULL, NULL, NULL),
(397, '190059', '2020-04-27', '2020-05-03', 0, 0, NULL, NULL, NULL, 0.0, 0.0, 0.0, 0.0, 0.0, 0.0, 0.0, NULL, NULL, '', NULL, NULL, 'Not Submitted', 'Pending', NULL, '', NULL, NULL, NULL, NULL, NULL, NULL, NULL, NULL, NULL);

-- --------------------------------------------------------

--
-- Table structure for table `tbl_weeklyutilization_history`
--

CREATE TABLE `tbl_weeklyutilization_history` (
  `weekly_ID` int(11) NOT NULL,
  `employeeCode` varchar(255) NOT NULL,
  `weekly_startDate` date NOT NULL,
  `weekly_endDate` date NOT NULL,
  `project_ID` int(11) NOT NULL,
  `work_ID` int(11) NOT NULL,
  `activityOthers_ID` int(11) DEFAULT NULL,
  `activityAdmin_ID` int(11) DEFAULT NULL,
  `weekly_description` varchar(255) DEFAULT NULL,
  `weekly_sunday` float(3,1) NOT NULL,
  `weekly_monday` float(3,1) NOT NULL,
  `weekly_tuesday` float(3,1) NOT NULL,
  `weekly_wednesday` float(3,1) NOT NULL,
  `weekly_thursday` float(3,1) NOT NULL,
  `weekly_friday` float(3,1) NOT NULL,
  `weekly_saturday` float(3,1) NOT NULL,
  `weekly_total` varchar(255) DEFAULT NULL,
  `weekly_overallTotal` varchar(255) DEFAULT NULL,
  `location_ID` varchar(225) DEFAULT NULL,
  `weekly_timeSubmitted` varchar(255) DEFAULT NULL,
  `weekly_dateProcessed` varchar(255) DEFAULT NULL,
  `weekly_status` varchar(255) NOT NULL,
  `weekly_approval` varchar(255) DEFAULT NULL,
  `weekly_dateSubmitted` varchar(255) DEFAULT NULL,
  `weekly_taskCode` varchar(255) NOT NULL,
  `weekly_saturdayComment` varchar(255) DEFAULT NULL,
  `weekly_sundayComment` varchar(255) DEFAULT NULL,
  `weekly_mondayComment` varchar(255) DEFAULT NULL,
  `weekly_tuesdayComment` varchar(255) DEFAULT NULL,
  `weekly_wednesdayComment` varchar(255) DEFAULT NULL,
  `weekly_thursdayComment` varchar(255) DEFAULT NULL,
  `weekly_fridayComment` varchar(255) DEFAULT NULL,
  `weekly_timesheetCode` varchar(255) DEFAULT NULL,
  `is_shown` tinyint(1) DEFAULT NULL
) ENGINE=InnoDB DEFAULT CHARSET=latin1;

-- --------------------------------------------------------

--
-- Table structure for table `tbl_worktype`
--

CREATE TABLE `tbl_worktype` (
  `work_ID` int(11) NOT NULL,
  `work_name` varchar(255) NOT NULL
) ENGINE=InnoDB DEFAULT CHARSET=latin1;

--
-- Dumping data for table `tbl_worktype`
--

INSERT INTO `tbl_worktype` (`work_ID`, `work_name`) VALUES
(1, 'Regular Hour'),
(2, 'Regular OT'),
(3, 'Holiday OT'),
(4, 'Night Diff'),
(5, 'Night Diff OT');

-- --------------------------------------------------------

--
-- Table structure for table `timesheet`
--

CREATE TABLE `timesheet` (
  `id` int(11) NOT NULL,
  `user_id` int(11) DEFAULT NULL,
  `date` date DEFAULT NULL,
  `project_code` int(11) DEFAULT NULL,
  `task_code` text,
  `location` varchar(100) DEFAULT NULL,
  `work_type` varchar(100) DEFAULT NULL,
  `hours` int(11) DEFAULT NULL,
  `comment` text,
  `status` enum('pending','approved','rejected','cancelled') DEFAULT 'pending'
) ENGINE=InnoDB DEFAULT CHARSET=latin1;

--
-- Dumping data for table `timesheet`
--

INSERT INTO `timesheet` (`id`, `user_id`, `date`, `project_code`, `task_code`, `location`, `work_type`, `hours`, `comment`, `status`) VALUES
(1, 1, '2019-06-01', 1, 'tets', 'On-Site', 'Regular', 8, 'test ', 'rejected'),
(2, 2, '2019-06-01', 1, 'test', 'On-Site', 'Regular OT', 8, 'test', 'pending'),
(3, 1, '2019-06-10', 2, 'test', 'On-Site', 'Regular', 8, 'test', 'pending'),
(4, 1, '2019-06-10', 2, 'test lang', 'On-Site', 'Regular', 8, 'hehe', 'pending'),
(7, 1, '2019-06-17', 2, 'asd1', 'On-Site', 'Regular', 8, 'debugging', 'pending'),
(8, 1, '2019-06-17', 2, 'asd1', 'Home', 'Regular', 2, 'test', 'pending'),
(9, 1, '2019-06-18', 2, 'asd2', 'On-Site', 'Regular OT', 2, 'test2', 'pending'),
(10, 1, '2019-06-24', 2, 'test', 'On-Site', 'Regular', 7, 'test', 'pending'),
(11, 1, '2019-06-26', 2, 'test2', 'Home', 'Regular', 2, 'test', 'pending'),
(12, 1, '2019-07-01', 2, 'Agag', 'On-Site', 'Regular', 7, 'Hha', 'pending'),
(13, 1, '2019-07-02', 4, '78', 'On-Site', 'Regular', 2, 'jhk', 'pending'),
(14, 1, '2019-07-07', 5, '6', 'On-Site', 'Regular', 5, 'ppp', 'pending'),
(15, 1, '2019-07-29', 1, 'kjkj', 'Home', 'Regular', 5, 'asd', 'approved'),
(16, 1, '2019-07-29', 2, '1231', 'On-Site', 'Regular', 3, 'ee', 'approved'),
(17, 1, '2019-07-30', 1, '1', 'On-Site', 'Regular', 1, '1', 'approved'),
(18, 1, '2019-07-30', 2, '2', 'On-Site', 'Regular', 2, '2', 'approved'),
(19, 1, '2019-07-30', 4, '3', 'Home', 'Regular', 3, '3', 'approved'),
(20, 1, '2019-07-30', 5, '4', 'On-Site', 'Holiday OT', 5, '5', 'approved'),
(21, 1, '2019-09-30', 2, '55', 'On-Site', 'Regular', 8, '555', 'pending'),
(23, 1, '2019-10-02', 2, '825', 'On-Site', 'Regular', 3, '555', 'pending'),
(24, 1, '2019-10-03', 4, '714', 'Home', 'Regular OT', 4, '888', 'pending'),
(25, 1, '2019-10-04', 2, '936', 'On-Site', 'Holiday OT', 7, '999', 'pending'),
(26, 1, '2019-10-07', 1, 'a32', 'On-Site', 'Regular', 3, 'test', 'rejected'),
(27, 1, '2019-10-07', 2, 'a33', 'On-Site', 'Regular', 2, 'test2', 'rejected'),
(28, 1, '2019-10-07', 2, 'test123', 'On-Site', 'Regular', 2, 'test comment', 'rejected'),
(29, 1, '2019-10-07', 2, 'test', 'On-Site', 'Regular', 1, 'tset', 'rejected'),
(30, 1, '2019-10-07', 4, 'test', 'On-Site', 'Regular', 1, 'test', 'rejected'),
(31, 1, '2019-10-07', 4, 'test emp ID', 'On-Site', 'Holiday OT', 2, 'test empID view', 'pending'),
(32, 1, '2019-10-09', 4, '23456rtygh', 'On-Site', 'Regular', 5, 'testing', 'pending'),
(33, 1, '2019-10-07', 2, 'asd', 'On-Site', 'Regular', 8, 'sad', 'pending'),
(34, 1, '2019-10-08', 4, 'adas', 'Home', 'Regular', 8, 'asd', 'pending'),
(35, 1, '2019-10-09', 1, 'asdas', 'On-Site', 'Regular', 8, 'sad', 'pending'),
(36, 1, '2019-10-11', 2, 'asd', 'On-Site', 'Regular', 7, 'asd', 'pending'),
(37, 1, '2019-10-08', 4, 'kailangan ba dalawa', 'On-Site', 'Regular', 5, 'try ko dalawa', 'pending'),
(38, 1, '2019-10-09', 1, 'eto dalawa', 'Home', 'Regular', 4, 'second', 'pending'),
(39, 1, '2019-10-08', 7, 'test12345', 'On-Site', 'Regular', 2, '123456', 'pending'),
(40, 1, '2019-10-09', 7, 'testttt', 'On-Site', 'Regular', 1, 'testttss', 'pending'),
(41, 1, '2019-10-07', 1, 'test', 'On-Site', 'Regular', 1, '1234', 'pending'),
(42, 1, '2019-10-07', 2, 'test project', 'On-Site', 'Regular', 3, 'project', 'pending'),
(43, 1, '2019-10-08', 4, 'test', 'Home', 'Regular', 4, 'test', 'pending'),
(44, 1, '2019-10-09', 1, 'asd', 'On-Site', 'Regular OT', 5, 'projecy1', 'pending'),
(45, 1, '2019-10-09', 2, 'project2', 'On-Site', 'Regular', 2, 'project', 'pending');

--
-- Indexes for dumped tables
--

--
-- Indexes for table `projects`
--
ALTER TABLE `projects`
  ADD PRIMARY KEY (`project_id`);

--
-- Indexes for table `projects_assigned`
--
ALTER TABLE `projects_assigned`
  ADD PRIMARY KEY (`id`);

--
-- Indexes for table `tbl_accessLevelEmp`
--
ALTER TABLE `tbl_accessLevelEmp`
  ADD PRIMARY KEY (`accessLevelEmpID`),
  ADD KEY `employeeID` (`employeeID`),
  ADD KEY `accessLevelID` (`accessLevelID`);

--
-- Indexes for table `tbl_accessLevelModules`
--
ALTER TABLE `tbl_accessLevelModules`
  ADD PRIMARY KEY (`accessLevelModulesID`),
  ADD KEY `accessLevelID` (`accessLevelID`);

--
-- Indexes for table `tbl_accesslevels`
--
ALTER TABLE `tbl_accesslevels`
  ADD PRIMARY KEY (`accessLevelID`);

--
-- Indexes for table `tbl_activityadmin`
--
ALTER TABLE `tbl_activityadmin`
  ADD PRIMARY KEY (`activityAdmin_ID`);

--
-- Indexes for table `tbl_activityothers`
--
ALTER TABLE `tbl_activityothers`
  ADD PRIMARY KEY (`activityOthers_ID`);

--
-- Indexes for table `tbl_archive`
--
ALTER TABLE `tbl_archive`
  ADD PRIMARY KEY (`archivedID`);

--
-- Indexes for table `tbl_attendance`
--
ALTER TABLE `tbl_attendance`
  ADD PRIMARY KEY (`attendanceID`);

--
-- Indexes for table `tbl_attendancedetails`
--
ALTER TABLE `tbl_attendancedetails`
  ADD PRIMARY KEY (`attendanceDetails_ID`);

--
-- Indexes for table `tbl_attendanceModification`
--
ALTER TABLE `tbl_attendanceModification`
  ADD PRIMARY KEY (`attendanceModification_ID`);

--
-- Indexes for table `tbl_auditLogs`
--
ALTER TABLE `tbl_auditLogs`
  ADD PRIMARY KEY (`id`),
  ADD KEY `modified_by_id` (`modified_by_id`);

--
-- Indexes for table `tbl_coretime`
--
ALTER TABLE `tbl_coretime`
  ADD PRIMARY KEY (`coreTimeID`);

--
-- Indexes for table `tbl_department`
--
ALTER TABLE `tbl_department`
  ADD PRIMARY KEY (`departmentID`);

--
-- Indexes for table `tbl_dependents`
--
ALTER TABLE `tbl_dependents`
  ADD PRIMARY KEY (`dependentsID`);

--
-- Indexes for table `tbl_emails`
--
ALTER TABLE `tbl_emails`
  ADD PRIMARY KEY (`employeeEmailID`);

--
-- Indexes for table `tbl_employees`
--
ALTER TABLE `tbl_employees`
  ADD PRIMARY KEY (`employeeID`);

--
-- Indexes for table `tbl_holidays`
--
ALTER TABLE `tbl_holidays`
  ADD PRIMARY KEY (`holidayID`);

--
-- Indexes for table `tbl_holidaytype`
--
ALTER TABLE `tbl_holidaytype`
  ADD PRIMARY KEY (`holidayTypeID`);

--
-- Indexes for table `tbl_leave`
--
ALTER TABLE `tbl_leave`
  ADD PRIMARY KEY (`leaveID`);

--
-- Indexes for table `tbl_leavedetails`
--
ALTER TABLE `tbl_leavedetails`
  ADD PRIMARY KEY (`leavedetails_ID`);

--
-- Indexes for table `tbl_leaveGroup`
--
ALTER TABLE `tbl_leaveGroup`
  ADD PRIMARY KEY (`leaveGroup_ID`);

--
-- Indexes for table `tbl_leaveinfo`
--
ALTER TABLE `tbl_leaveinfo`
  ADD PRIMARY KEY (`leaveInfoID`),
  ADD KEY `leaveID` (`leaveID`),
  ADD KEY `employeeID` (`employeeID`);

--
-- Indexes for table `tbl_location`
--
ALTER TABLE `tbl_location`
  ADD PRIMARY KEY (`location_ID`);

--
-- Indexes for table `tbl_overtime`
--
ALTER TABLE `tbl_overtime`
  ADD PRIMARY KEY (`overtimeID`);

--
-- Indexes for table `tbl_position`
--
ALTER TABLE `tbl_position`
  ADD PRIMARY KEY (`positionID`);

--
-- Indexes for table `tbl_project`
--
ALTER TABLE `tbl_project`
  ADD PRIMARY KEY (`project_ID`);

--
-- Indexes for table `tbl_shift`
--
ALTER TABLE `tbl_shift`
  ADD PRIMARY KEY (`shiftID`);

--
-- Indexes for table `tbl_submittedtimesheets`
--
ALTER TABLE `tbl_submittedtimesheets`
  ADD PRIMARY KEY (`timesheet_ID`);

--
-- Indexes for table `tbl_test`
--
ALTER TABLE `tbl_test`
  ADD PRIMARY KEY (`id`);

--
-- Indexes for table `tbl_timesheet`
--
ALTER TABLE `tbl_timesheet`
  ADD PRIMARY KEY (`timesheet_ID`);

--
-- Indexes for table `tbl_weeklyutilization`
--
ALTER TABLE `tbl_weeklyutilization`
  ADD PRIMARY KEY (`weekly_ID`);

--
-- Indexes for table `tbl_weeklyutilization_history`
--
ALTER TABLE `tbl_weeklyutilization_history`
  ADD PRIMARY KEY (`weekly_ID`);

--
-- Indexes for table `tbl_worktype`
--
ALTER TABLE `tbl_worktype`
  ADD PRIMARY KEY (`work_ID`);

--
-- Indexes for table `timesheet`
--
ALTER TABLE `timesheet`
  ADD PRIMARY KEY (`id`);

--
-- AUTO_INCREMENT for dumped tables
--

--
-- AUTO_INCREMENT for table `projects`
--
ALTER TABLE `projects`
  MODIFY `project_id` int(11) NOT NULL AUTO_INCREMENT, AUTO_INCREMENT=8;

--
-- AUTO_INCREMENT for table `projects_assigned`
--
ALTER TABLE `projects_assigned`
  MODIFY `id` int(11) NOT NULL AUTO_INCREMENT, AUTO_INCREMENT=7;

--
-- AUTO_INCREMENT for table `tbl_accessLevelEmp`
--
ALTER TABLE `tbl_accessLevelEmp`
  MODIFY `accessLevelEmpID` int(5) NOT NULL AUTO_INCREMENT, AUTO_INCREMENT=183;

--
-- AUTO_INCREMENT for table `tbl_accessLevelModules`
--
ALTER TABLE `tbl_accessLevelModules`
  MODIFY `accessLevelModulesID` int(5) NOT NULL AUTO_INCREMENT, AUTO_INCREMENT=42;

--
-- AUTO_INCREMENT for table `tbl_accesslevels`
--
ALTER TABLE `tbl_accesslevels`
  MODIFY `accessLevelID` int(11) NOT NULL AUTO_INCREMENT, AUTO_INCREMENT=35;

--
-- AUTO_INCREMENT for table `tbl_activityadmin`
--
ALTER TABLE `tbl_activityadmin`
  MODIFY `activityAdmin_ID` int(11) NOT NULL AUTO_INCREMENT, AUTO_INCREMENT=5;

--
-- AUTO_INCREMENT for table `tbl_activityothers`
--
ALTER TABLE `tbl_activityothers`
  MODIFY `activityOthers_ID` int(11) NOT NULL AUTO_INCREMENT, AUTO_INCREMENT=3;

--
-- AUTO_INCREMENT for table `tbl_archive`
--
ALTER TABLE `tbl_archive`
  MODIFY `archivedID` int(11) NOT NULL AUTO_INCREMENT, AUTO_INCREMENT=13;

--
-- AUTO_INCREMENT for table `tbl_attendance`
--
ALTER TABLE `tbl_attendance`
  MODIFY `attendanceID` int(11) NOT NULL AUTO_INCREMENT, AUTO_INCREMENT=602;

--
-- AUTO_INCREMENT for table `tbl_attendancedetails`
--
ALTER TABLE `tbl_attendancedetails`
  MODIFY `attendanceDetails_ID` int(11) NOT NULL AUTO_INCREMENT, AUTO_INCREMENT=2;

--
-- AUTO_INCREMENT for table `tbl_attendanceModification`
--
ALTER TABLE `tbl_attendanceModification`
  MODIFY `attendanceModification_ID` int(11) NOT NULL AUTO_INCREMENT, AUTO_INCREMENT=205;

--
-- AUTO_INCREMENT for table `tbl_auditLogs`
--
ALTER TABLE `tbl_auditLogs`
  MODIFY `id` int(11) NOT NULL AUTO_INCREMENT, AUTO_INCREMENT=237;

--
-- AUTO_INCREMENT for table `tbl_coretime`
--
ALTER TABLE `tbl_coretime`
  MODIFY `coreTimeID` int(11) NOT NULL AUTO_INCREMENT, AUTO_INCREMENT=17;

--
-- AUTO_INCREMENT for table `tbl_department`
--
ALTER TABLE `tbl_department`
  MODIFY `departmentID` int(11) NOT NULL AUTO_INCREMENT, AUTO_INCREMENT=6;

--
-- AUTO_INCREMENT for table `tbl_dependents`
--
ALTER TABLE `tbl_dependents`
  MODIFY `dependentsID` int(100) NOT NULL AUTO_INCREMENT, AUTO_INCREMENT=87;

--
-- AUTO_INCREMENT for table `tbl_emails`
--
ALTER TABLE `tbl_emails`
  MODIFY `employeeEmailID` int(255) NOT NULL AUTO_INCREMENT;

--
-- AUTO_INCREMENT for table `tbl_employees`
--
ALTER TABLE `tbl_employees`
  MODIFY `employeeID` int(255) NOT NULL AUTO_INCREMENT, AUTO_INCREMENT=86;

--
-- AUTO_INCREMENT for table `tbl_holidays`
--
ALTER TABLE `tbl_holidays`
  MODIFY `holidayID` int(11) NOT NULL AUTO_INCREMENT, AUTO_INCREMENT=5;

--
-- AUTO_INCREMENT for table `tbl_holidaytype`
--
ALTER TABLE `tbl_holidaytype`
  MODIFY `holidayTypeID` int(11) NOT NULL AUTO_INCREMENT, AUTO_INCREMENT=2;

--
-- AUTO_INCREMENT for table `tbl_leave`
--
ALTER TABLE `tbl_leave`
  MODIFY `leaveID` int(11) NOT NULL AUTO_INCREMENT, AUTO_INCREMENT=11;

--
-- AUTO_INCREMENT for table `tbl_leavedetails`
--
ALTER TABLE `tbl_leavedetails`
  MODIFY `leavedetails_ID` int(11) NOT NULL AUTO_INCREMENT, AUTO_INCREMENT=249;

--
-- AUTO_INCREMENT for table `tbl_leaveGroup`
--
ALTER TABLE `tbl_leaveGroup`
  MODIFY `leaveGroup_ID` int(11) NOT NULL AUTO_INCREMENT, AUTO_INCREMENT=178;

--
-- AUTO_INCREMENT for table `tbl_leaveinfo`
--
ALTER TABLE `tbl_leaveinfo`
  MODIFY `leaveInfoID` int(11) NOT NULL AUTO_INCREMENT, AUTO_INCREMENT=352;

--
-- AUTO_INCREMENT for table `tbl_location`
--
ALTER TABLE `tbl_location`
  MODIFY `location_ID` int(11) NOT NULL AUTO_INCREMENT, AUTO_INCREMENT=3;

--
-- AUTO_INCREMENT for table `tbl_overtime`
--
ALTER TABLE `tbl_overtime`
  MODIFY `overtimeID` int(11) NOT NULL AUTO_INCREMENT;

--
-- AUTO_INCREMENT for table `tbl_position`
--
ALTER TABLE `tbl_position`
  MODIFY `positionID` int(11) NOT NULL AUTO_INCREMENT, AUTO_INCREMENT=16;

--
-- AUTO_INCREMENT for table `tbl_project`
--
ALTER TABLE `tbl_project`
  MODIFY `project_ID` int(11) NOT NULL AUTO_INCREMENT, AUTO_INCREMENT=7;

--
-- AUTO_INCREMENT for table `tbl_shift`
--
ALTER TABLE `tbl_shift`
  MODIFY `shiftID` int(11) NOT NULL AUTO_INCREMENT;

--
-- AUTO_INCREMENT for table `tbl_submittedtimesheets`
--
ALTER TABLE `tbl_submittedtimesheets`
  MODIFY `timesheet_ID` int(11) NOT NULL AUTO_INCREMENT;

--
-- AUTO_INCREMENT for table `tbl_test`
--
ALTER TABLE `tbl_test`
  MODIFY `id` int(255) NOT NULL AUTO_INCREMENT, AUTO_INCREMENT=3;

--
-- AUTO_INCREMENT for table `tbl_timesheet`
--
ALTER TABLE `tbl_timesheet`
  MODIFY `timesheet_ID` int(11) NOT NULL AUTO_INCREMENT, AUTO_INCREMENT=2;

--
-- AUTO_INCREMENT for table `tbl_weeklyutilization`
--
ALTER TABLE `tbl_weeklyutilization`
  MODIFY `weekly_ID` int(11) NOT NULL AUTO_INCREMENT, AUTO_INCREMENT=398;

--
-- AUTO_INCREMENT for table `tbl_weeklyutilization_history`
--
ALTER TABLE `tbl_weeklyutilization_history`
  MODIFY `weekly_ID` int(11) NOT NULL AUTO_INCREMENT;

--
-- AUTO_INCREMENT for table `tbl_worktype`
--
ALTER TABLE `tbl_worktype`
  MODIFY `work_ID` int(11) NOT NULL AUTO_INCREMENT, AUTO_INCREMENT=6;

--
-- AUTO_INCREMENT for table `timesheet`
--
ALTER TABLE `timesheet`
  MODIFY `id` int(11) NOT NULL AUTO_INCREMENT, AUTO_INCREMENT=46;

--
-- Constraints for dumped tables
--

--
-- Constraints for table `tbl_accessLevelEmp`
--
ALTER TABLE `tbl_accessLevelEmp`
  ADD CONSTRAINT `tbl_accessLevelEmp_ibfk_1` FOREIGN KEY (`employeeID`) REFERENCES `tbl_employees` (`employeeID`) ON DELETE CASCADE ON UPDATE CASCADE,
  ADD CONSTRAINT `tbl_accessLevelEmp_ibfk_2` FOREIGN KEY (`accessLevelID`) REFERENCES `tbl_accesslevels` (`accessLevelID`) ON DELETE CASCADE ON UPDATE CASCADE;

--
-- Constraints for table `tbl_accessLevelModules`
--
ALTER TABLE `tbl_accessLevelModules`
  ADD CONSTRAINT `tbl_accessLevelModules_ibfk_1` FOREIGN KEY (`accessLevelID`) REFERENCES `tbl_accesslevels` (`accessLevelID`) ON DELETE CASCADE ON UPDATE CASCADE;

--
-- Constraints for table `tbl_auditLogs`
--
ALTER TABLE `tbl_auditLogs`
  ADD CONSTRAINT `tbl_auditLogs_ibfk_1` FOREIGN KEY (`modified_by_id`) REFERENCES `tbl_employees` (`employeeID`) ON DELETE CASCADE ON UPDATE CASCADE;

--
-- Constraints for table `tbl_leaveinfo`
--
ALTER TABLE `tbl_leaveinfo`
  ADD CONSTRAINT `tbl_leaveinfo_ibfk_1` FOREIGN KEY (`leaveID`) REFERENCES `tbl_leave` (`leaveID`) ON DELETE CASCADE ON UPDATE CASCADE,
  ADD CONSTRAINT `tbl_leaveinfo_ibfk_2` FOREIGN KEY (`employeeID`) REFERENCES `tbl_employees` (`employeeID`) ON DELETE CASCADE ON UPDATE CASCADE;
COMMIT;

/*!40101 SET CHARACTER_SET_CLIENT=@OLD_CHARACTER_SET_CLIENT */;
/*!40101 SET CHARACTER_SET_RESULTS=@OLD_CHARACTER_SET_RESULTS */;
/*!40101 SET COLLATION_CONNECTION=@OLD_COLLATION_CONNECTION */;
